coverage_modelFreeScore,seqId,seq,semantic
2.212085794417504E-6,306,708298 1154029 -1  -2 ,'Midazolam' 'Fentanyl' -1 -2 
1.2710123858572002E-6,49,586413 -1  -2 ,'pneumococcal polysaccharides (23)' -1 -2 
6.807754774236825E-6,20,1326303 -1  -2 ,'Digoxin' -1 -2 
1.4241321881276033E-6,41,920458 -1  -2 ,'Betamethasone' -1 -2 
1.196926752128638E-5,46,791967 -1  -2 ,'Lorazepam' -1 -2 
1.764799899481762E-7,294,974166 -1 974166 -1  -2 ,'Hydrochlorothiazide' -1 'Hydrochlorothiazide' -1 -2 
4.1254737382766784E-7,27,1136980 -1  -2 ,'Ketorolac' -1 -2 
4.15530621816267E-6,15,1502905 -1  -2 ,'Insulin. Glargine. Human' -1 -2 
5.990942165800364E-6,38,948078 -1  -2 ,'pantoprazole' -1 -2 
5.3638254248118244E-6,16,1501700 -1  -2 ,'Thyroxine' -1 -2 
1.3990754626200705E-6,5,19015230 -1  -2 ,'Adenosine Triphosphate' -1 -2 
2.2818321525468733E-6,6,1777806 -1  -2 ,'Ceftriaxone' -1 -2 
9.549758747945304E-7,36,975125 -1  -2 ,'Hydrocortisone' -1 -2 
4.3186323810201705E-6,260,1137529 1149380 -1  -2 ,'salmeterol' 'fluticasone' -1 -2 
1.2145510231019224E-5,3,19055720 -1  -2 ,'HEPARIN. BEEF' -1 -2 
2.466260687110123E-7,147,1539403 -1 1539403 -1  -2 ,'Simvastatin' -1 'Simvastatin' -1 -2 
1.8481305871391113E-7,1,19135941 -1  -2 ,'Thallous chloride Tl201' -1 -2 
2.5669378029460135E-8,50,529303 -1  -2 ,'Diphtheria Toxoid Vaccine' -1 -2 
3.2812362035000613E-6,11,1707164 -1  -2 ,'Metronidazole' -1 -2 
6.741468246678441E-7,248,1125315 1201620 -1  -2 ,'Acetaminophen' 'Codeine' -1 -2 
9.603265693655714E-8,14,1510813 -1  -2 ,'rosuvastatin' -1 -2 
4.038955327927469E-6,35,989878 -1  -2 ,'Lidocaine' -1 -2 
2.420933854600611E-6,253,956874 -1 1346823 -1  -2 ,'Furosemide' -1 'carvedilol' -1 -2 
2.319985521682828E-6,45,904453 -1  -2 ,'Esomeprazole' -1 -2 
2.14664869427654E-7,32,1115008 -1  -2 ,'Naproxen' -1 -2 
7.601641946262091E-6,33,1110410 -1  -2 ,'Morphine' -1 -2 
8.957784265302948E-7,22,1308842 -1  -2 ,'valsartan' -1 -2 
9.049543705313365E-8,311,19121608 -1 19121608 -1 19121608 -1  -2 ,'Influenza virus vaccine' -1 'Influenza virus vaccine' -1 'Influenza virus vaccine' -1 -2 
3.2318681873164704E-6,23,1301025 -1  -2 ,'Enoxaparin' -1 -2 
2.114269196791925E-6,10,1716903 -1  -2 ,'moxifloxacin' -1 -2 
2.446141189021397E-7,310,903963 -1 903963 -1  -2 ,'Triamcinolone' -1 'Triamcinolone' -1 -2 
7.466867795080848E-7,13,1526475 -1  -2 ,'ezetimibe' -1 -2 
1.370097582467135E-6,17,1398937 -1  -2 ,'Clonidine' -1 -2 
5.7161592241963845E-6,8,1754994 -1  -2 ,'Fluconazole' -1 -2 
6.9111334210433755E-6,43,906780 -1  -2 ,'Metoclopramide' -1 -2 
3.446027561495598E-8,2,19090761 -1  -2 ,'regadenoson' -1 -2 
1.2865741499590455E-6,18,1383815 -1  -2 ,'Isosorbide' -1 -2 
4.435959346877328E-6,0,19136030 -1  -2 ,'Saline Solution. Hypertonic' -1 -2 
8.087659984959914E-7,25,1154332 -1  -2 ,'Pseudoephedrine' -1 -2 
2.1117487842013465E-6,21,1309944 -1  -2 ,'Amiodarone' -1 -2 
2.8901779614988697E-6,31,1126658 -1  -2 ,'Hydromorphone' -1 -2 
4.924445143326357E-7,12,1551860 -1  -2 ,'Pravastatin' -1 -2 
4.193229028215437E-6,264,1112921 1154343 -1  -2 ,'Ipratropium' 'Albuterol' -1 -2 
2.351301398658363E-7,549,939506 967823 986417 19049105 -1  -2 ,'Sodium Bicarbonate' 'Sodium Chloride' 'POLYETHYLENE GLYCOL 3350' 'Potassium Chloride' -1 -2 
4.009905747985967E-7,19,1367500 -1  -2 ,'Losartan' -1 -2 
5.396113270397122E-7,48,723013 -1  -2 ,'Diazepam' -1 -2 
1.733369420762831E-6,268,956874 -1 1308216 -1  -2 ,'Furosemide' -1 'Lisinopril' -1 -2 
1.7855208368837845E-6,39,929887 -1  -2 ,'lansoprazole' -1 -2 
1.5243803165824257E-6,221,1310149 -1 1310149 -1  -2 ,'Warfarin' -1 'Warfarin' -1 -2 
1.1509744220348622E-6,24,1192710 -1  -2 ,'Chlorpheniramine' -1 -2 
5.005750613441804E-7,145,1545958 -1 1545958 -1  -2 ,'atorvastatin' -1 'atorvastatin' -1 -2 
4.473667269977214E-7,72,1506270 -1 19121608 -1  -2 ,'Methylprednisolone' -1 'Influenza virus vaccine' -1 -2 
4.611877810801939E-7,44,905233 -1  -2 ,'Mometasone' -1 -2 
8.736032377807424E-7,245,1163944 1201620 -1  -2 ,'Guaifenesin' 'Codeine' -1 -2 
4.432840456348694E-6,30,1129625 -1  -2 ,'Diphenhydramine' -1 -2 
1.8291685403446442E-6,47,739138 -1  -2 ,'Sertraline' -1 -2 
6.442598837009891E-7,63,19121608 -1 1713332 -1  -2 ,'Influenza virus vaccine' -1 'Amoxicillin' -1 -2 
4.939079791878179E-6,42,907013 -1  -2 ,'Metolazone' -1 -2 
7.322880982898714E-7,7,1771162 -1  -2 ,'Cefazolin' -1 -2 
6.141359386891244E-7,37,951511 -1  -2 ,'Mupirocin' -1 -2 
1.798091096525138E-7,4,19045045 -1  -2 ,'Vitamin D2' -1 -2 
5.140845403178561E-6,40,922570 -1  -2 ,'Nystatin' -1 -2 
1.870982212279459E-6,263,1125315 -1 1153664 -1  -2 ,'Acetaminophen' -1 'Propoxyphene' -1 -2 
5.549094718261028E-7,26,1153428 -1  -2 ,'fexofenadine' -1 -2 
1.8695650571228014E-6,155,1518254 -1 1518254 -1  -2 ,'Dexamethasone' -1 'Dexamethasone' -1 -2 
1.988949072772308E-6,269,956874 -1 1307046 -1  -2 ,'Furosemide' -1 'Metoprolol' -1 -2 
1.768866127878627E-7,106,903963 -1 19121608 -1  -2 ,'Triamcinolone' -1 'Influenza virus vaccine' -1 -2 
2.814722634808488E-7,254,1125315 -1 1177480 -1  -2 ,'Acetaminophen' -1 'Ibuprofen' -1 -2 
1.7039863259006058E-6,267,1308216 -1 956874 -1  -2 ,'Lisinopril' -1 'Furosemide' -1 -2 
7.402325836808571E-7,28,1136601 -1  -2 ,'benzonatate' -1 -2 
1.2390354173633469E-7,378,1506270 -1 1506270 -1 1506270 -1  -2 ,'Methylprednisolone' -1 'Methylprednisolone' -1 'Methylprednisolone' -1 -2 
3.5746051012430285E-7,71,19121608 -1 1506270 -1  -2 ,'Influenza virus vaccine' -1 'Methylprednisolone' -1 -2 
3.9205144182524266E-7,464,1125315 1174888 -1 1308216 -1  -2 ,'Acetaminophen' 'Hydrocodone' -1 'Lisinopril' -1 -2 
7.581837300581122E-8,161,1503297 -1 1503297 -1  -2 ,'Metformin' -1 'Metformin' -1 -2 
5.756226779080604E-7,480,1154343 -1 1154343 -1 1154343 -1  -2 ,'Albuterol' -1 'Albuterol' -1 'Albuterol' -1 -2 
6.587145237572885E-7,9,1750500 -1  -2 ,'Clarithromycin' -1 -2 
5.813766317661986E-7,113,1734104 -1 1797513 -1  -2 ,'Azithromycin' -1 'Ciprofloxacin' -1 -2 
7.680754336333967E-7,159,1307046 -1 1713332 -1  -2 ,'Metoprolol' -1 'Amoxicillin' -1 -2 
6.155213308444541E-7,29,1135766 -1  -2 ,'Phenylephrine' -1 -2 
5.561844967709476E-7,361,1713332 1759842 -1 1713332 -1  -2 ,'Amoxicillin' 'Clavulanate' -1 'Amoxicillin' -1 -2 
2.1963954825232082E-7,80,1308216 -1 19121608 -1  -2 ,'Lisinopril' -1 'Influenza virus vaccine' -1 -2 
4.04485095612821E-6,282,956874 -1 1154343 -1  -2 ,'Furosemide' -1 'Albuterol' -1 -2 
2.182169659113483E-6,144,1551099 -1 1551099 -1  -2 ,'Prednisone' -1 'Prednisone' -1 -2 
9.254941853245228E-7,465,1125315 1174888 -1 1307046 -1  -2 ,'Acetaminophen' 'Hydrocodone' -1 'Metoprolol' -1 -2 
6.683032934166617E-7,58,19121608 -1 1734104 -1  -2 ,'Influenza virus vaccine' -1 'Azithromycin' -1 -2 
3.4901642751857347E-7,210,1332418 -1 1332418 -1  -2 ,'Amlodipine' -1 'Amlodipine' -1 -2 
7.324847303660719E-7,399,1125315 1174888 -1 1786621 -1  -2 ,'Acetaminophen' 'Hydrocodone' -1 'Cephalexin' -1 -2 
6.776171577030419E-7,235,1361711 -1 1125315 -1  -2 ,'Nitroglycerin' -1 'Acetaminophen' -1 -2 
2.8977171892997724E-7,215,1346823 -1 1308216 -1  -2 ,'carvedilol' -1 'Lisinopril' -1 -2 
2.3675016085905607E-7,225,1307046 -1 1308216 -1  -2 ,'Metoprolol' -1 'Lisinopril' -1 -2 
1.4404784776975548E-7,105,19121608 -1 903963 -1  -2 ,'Influenza virus vaccine' -1 'Triamcinolone' -1 -2 
7.270486045011322E-7,109,1797513 -1 1797513 -1  -2 ,'Ciprofloxacin' -1 'Ciprofloxacin' -1 -2 
3.078412147775517E-7,136,1539403 -1 1713332 -1  -2 ,'Simvastatin' -1 'Amoxicillin' -1 -2 
3.940900644664047E-6,201,956874 -1 1742253 -1  -2 ,'Furosemide' -1 'Levofloxacin' -1 -2 
2.138850403352498E-6,252,1346823 -1 956874 -1  -2 ,'carvedilol' -1 'Furosemide' -1 -2 
4.4905283598872486E-7,277,1125315 -1 997881 -1  -2 ,'Acetaminophen' -1 'Clindamycin' -1 -2 
6.253860016347373E-7,90,19121608 -1 1154343 -1  -2 ,'Influenza virus vaccine' -1 'Albuterol' -1 -2 
4.85742000633373E-7,550,1705674 1836430 -1 1125315 1174888 -1  -2 ,'Trimethoprim' 'Sulfamethoxazole' -1 'Acetaminophen' 'Hydrocodone' -1 -2 
1.8304893380690477E-7,79,1346823 -1 19121608 -1  -2 ,'carvedilol' -1 'Influenza virus vaccine' -1 -2 
1.996282035117776E-6,305,1125315 -1 744740 -1  -2 ,'Acetaminophen' -1 'zolpidem' -1 -2 
1.171818443217577E-6,208,1545958 -1 1125315 -1  -2 ,'atorvastatin' -1 'Acetaminophen' -1 -2 
1.1095945261883558E-6,104,19121608 -1 956874 -1  -2 ,'Influenza virus vaccine' -1 'Furosemide' -1 -2 
5.475217880567831E-7,140,1734104 -1 1506270 -1  -2 ,'Azithromycin' -1 'Methylprednisolone' -1 -2 
2.1914028658420054E-6,296,956874 -1 970250 -1  -2 ,'Furosemide' -1 'Spironolactone' -1 -2 
1.3433647553435206E-6,276,1000560 -1 1125315 -1  -2 ,'Ondansetron' -1 'Acetaminophen' -1 -2 
9.874154501350888E-7,289,1124957 -1 956874 -1  -2 ,'Oxycodone' -1 'Furosemide' -1 -2 
8.895589512039104E-7,132,1551099 -1 1734104 -1  -2 ,'Prednisone' -1 'Azithromycin' -1 -2 
3.3009767227741096E-7,415,1346823 -1 1346823 -1 1346823 -1  -2 ,'carvedilol' -1 'carvedilol' -1 'carvedilol' -1 -2 
2.734225213318893E-7,107,974166 -1 19049105 -1  -2 ,'Hydrochlorothiazide' -1 'Potassium Chloride' -1 -2 
2.012791527735164E-7,92,1154029 -1 19121608 -1  -2 ,'Fentanyl' -1 'Influenza virus vaccine' -1 -2 
1.5581423356816264E-6,266,1310149 -1 956874 -1  -2 ,'Warfarin' -1 'Furosemide' -1 -2 
9.591832069002388E-7,238,1506270 -1 956874 -1  -2 ,'Methylprednisolone' -1 'Furosemide' -1 -2 
7.023292305853223E-7,240,1125315 -1 1332418 -1  -2 ,'Acetaminophen' -1 'Amlodipine' -1 -2 
6.524646211179122E-7,307,956874 -1 903963 -1  -2 ,'Furosemide' -1 'Triamcinolone' -1 -2 
2.0524554583415498E-6,204,1734104 -1 956874 -1  -2 ,'Azithromycin' -1 'Furosemide' -1 -2 
1.5825525666692551E-6,123,1742253 -1 1734104 -1  -2 ,'Levofloxacin' -1 'Azithromycin' -1 -2 
1.5029575167891532E-6,34,1000632 -1  -2 ,'Clotrimazole' -1 -2 
1.497791105198574E-6,237,956874 -1 1506270 -1  -2 ,'Furosemide' -1 'Methylprednisolone' -1 -2 
1.3765759151917332E-6,178,1154343 -1 1713332 -1  -2 ,'Albuterol' -1 'Amoxicillin' -1 -2 
1.171134506936042E-6,304,744740 -1 1125315 -1  -2 ,'zolpidem' -1 'Acetaminophen' -1 -2 
1.0116819667425165E-6,249,1153013 -1 1153013 -1  -2 ,'Promethazine' -1 'Promethazine' -1 -2 
4.798985976271903E-7,256,1149380 -1 1149380 -1  -2 ,'fluticasone' -1 'fluticasone' -1 -2 
4.2669975160724986E-7,149,1346823 -1 1713332 -1  -2 ,'carvedilol' -1 'Amoxicillin' -1 -2 
3.9352171338677204E-7,303,778711 -1 1125315 -1  -2 ,'cyclobenzaprine' -1 'Acetaminophen' -1 -2 
2.9262606723310572E-6,121,1742253 -1 1742253 -1  -2 ,'Levofloxacin' -1 'Levofloxacin' -1 -2 
1.3757512676464915E-6,84,19049105 -1 1346823 -1  -2 ,'Potassium Chloride' -1 'carvedilol' -1 -2 
1.0008925380965377E-6,442,1125315 1174888 -1 1518254 -1  -2 ,'Acetaminophen' 'Hydrocodone' -1 'Dexamethasone' -1 -2 
9.23066382989213E-7,241,1125315 -1 1322184 -1  -2 ,'Acetaminophen' -1 'clopidogrel' -1 -2 
7.013191120249654E-7,401,1786621 -1 1125315 1174888 -1  -2 ,'Cephalexin' -1 'Acetaminophen' 'Hydrocodone' -1 -2 
6.503468674786395E-7,69,1551099 -1 19121608 -1  -2 ,'Prednisone' -1 'Influenza virus vaccine' -1 -2 
6.333060343578188E-7,291,1125315 -1 923645 -1  -2 ,'Acetaminophen' -1 'Omeprazole' -1 -2 
6.210393829914815E-7,154,1307046 -1 1734104 -1  -2 ,'Metoprolol' -1 'Azithromycin' -1 -2 
4.160039307090872E-7,214,1308216 -1 1346823 -1  -2 ,'Lisinopril' -1 'carvedilol' -1 -2 
1.4982083004058566E-7,187,1308216 -1 1539403 -1  -2 ,'Lisinopril' -1 'Simvastatin' -1 -2 
1.8745549400699302E-6,67,1713332 -1 19049105 -1  -2 ,'Amoxicillin' -1 'Potassium Chloride' -1 -2 
1.206725401399721E-6,261,1154029 -1 1125315 -1  -2 ,'Fentanyl' -1 'Acetaminophen' -1 -2 
1.1911324010041899E-6,302,1125315 -1 781039 -1  -2 ,'Acetaminophen' -1 'Alprazolam' -1 -2 
1.1649155759709767E-6,99,19049105 -1 1153013 -1  -2 ,'Potassium Chloride' -1 'Promethazine' -1 -2 
8.634796354709356E-7,379,956874 -1 1705674 1836430 -1  -2 ,'Furosemide' -1 'Trimethoprim' 'Sulfamethoxazole' -1 -2 
7.199105430421737E-7,156,1310149 -1 1713332 -1  -2 ,'Warfarin' -1 'Amoxicillin' -1 -2 
2.981785657827372E-7,501,1124957 1125315 -1 1174888 -1  -2 ,'Oxycodone' 'Acetaminophen' -1 'Hydrocodone' -1 -2 
2.643626627858662E-7,522,974166 -1 1125315 1174888 -1  -2 ,'Hydrochlorothiazide' -1 'Acetaminophen' 'Hydrocodone' -1 -2 
2.0085939663053315E-7,239,956874 -1 1503297 -1  -2 ,'Furosemide' -1 'Metformin' -1 -2 
2.9746522581996663E-6,98,1154343 -1 19049105 -1  -2 ,'Albuterol' -1 'Potassium Chloride' -1 -2 
1.7039743334895387E-6,432,1125315 1174888 -1 1551099 -1  -2 ,'Acetaminophen' 'Hydrocodone' -1 'Prednisone' -1 -2 
1.380497606898539E-6,456,1346823 -1 1125315 1174888 -1  -2 ,'carvedilol' -1 'Acetaminophen' 'Hydrocodone' -1 -2 
1.312020793700698E-6,88,1307046 -1 19049105 -1  -2 ,'Metoprolol' -1 'Potassium Chloride' -1 -2 
1.295076750438967E-6,271,1124957 -1 1124957 -1  -2 ,'Oxycodone' -1 'Oxycodone' -1 -2 
8.162637853276296E-7,212,1506270 -1 1154343 -1  -2 ,'Methylprednisolone' -1 'Albuterol' -1 -2 
7.295888584799175E-7,230,956874 -1 1545958 -1  -2 ,'Furosemide' -1 'atorvastatin' -1 -2 
7.149139922383372E-7,257,956874 -1 1332418 -1  -2 ,'Furosemide' -1 'Amlodipine' -1 -2 
6.898377726838434E-7,56,1742253 -1 19121608 -1  -2 ,'Levofloxacin' -1 'Influenza virus vaccine' -1 -2 
6.414435607948189E-7,91,1154343 -1 19121608 -1  -2 ,'Albuterol' -1 'Influenza virus vaccine' -1 -2 
4.354053689028227E-7,365,1713332 -1 1713332 -1 1713332 -1  -2 ,'Amoxicillin' -1 'Amoxicillin' -1 'Amoxicillin' -1 -2 
4.1923015349781757E-7,53,19121608 -1 1797513 -1  -2 ,'Influenza virus vaccine' -1 'Ciprofloxacin' -1 -2 
4.1101929587352403E-7,118,1797513 -1 1713332 -1  -2 ,'Ciprofloxacin' -1 'Amoxicillin' -1 -2 
2.8319803222884676E-7,425,1307046 -1 1307046 -1 1307046 -1  -2 ,'Metoprolol' -1 'Metoprolol' -1 'Metoprolol' -1 -2 
6.83960810130856E-8,255,1177480 -1 1125315 -1  -2 ,'Ibuprofen' -1 'Acetaminophen' -1 -2 
2.2626858991503582E-6,295,970250 -1 956874 -1  -2 ,'Spironolactone' -1 'Furosemide' -1 -2 
2.1267811374533403E-6,290,956874 -1 1124957 -1  -2 ,'Furosemide' -1 'Oxycodone' -1 -2 
2.02319767581383E-6,236,1174888 -1 1310149 -1  -2 ,'Hydrocodone' -1 'Warfarin' -1 -2 
1.8913282828681782E-6,197,1551099 -1 1154343 -1  -2 ,'Prednisone' -1 'Albuterol' -1 -2 
1.888666301198514E-6,130,1551099 -1 1742253 -1  -2 ,'Prednisone' -1 'Levofloxacin' -1 -2 
1.7327800176556702E-6,85,19049105 -1 1310149 -1  -2 ,'Potassium Chloride' -1 'Warfarin' -1 -2 
1.6147891282170722E-6,242,1322184 -1 1125315 -1  -2 ,'clopidogrel' -1 'Acetaminophen' -1 -2 
1.6098568945951162E-6,466,1307046 -1 1125315 1174888 -1  -2 ,'Metoprolol' -1 'Acetaminophen' 'Hydrocodone' -1 -2 
1.3318547799686799E-6,298,797399 -1 1125315 -1  -2 ,'gabapentin' -1 'Acetaminophen' -1 -2 
1.0226070112131676E-6,192,1786621 -1 956874 -1  -2 ,'Cephalexin' -1 'Furosemide' -1 -2 
8.326695070121039E-7,455,1125315 1174888 -1 1346823 -1  -2 ,'Acetaminophen' 'Hydrocodone' -1 'carvedilol' -1 -2 
8.20268790465336E-7,135,1551099 -1 1713332 -1  -2 ,'Prednisone' -1 'Amoxicillin' -1 -2 
6.785809498393497E-7,111,1786621 -1 1786621 -1  -2 ,'Cephalexin' -1 'Cephalexin' -1 -2 
6.717199384626151E-7,68,19121608 -1 1551099 -1  -2 ,'Influenza virus vaccine' -1 'Prednisone' -1 -2 
6.260545918757598E-7,502,1124957 -1 1125315 1174888 -1  -2 ,'Oxycodone' -1 'Acetaminophen' 'Hydrocodone' -1 -2 
4.872857448368792E-7,143,1506270 -1 1713332 -1  -2 ,'Methylprednisolone' -1 'Amoxicillin' -1 -2 
4.158781593440844E-7,142,1713332 -1 1506270 -1  -2 ,'Amoxicillin' -1 'Methylprednisolone' -1 -2 
3.6262054748928474E-7,54,1786621 -1 19121608 -1  -2 ,'Cephalexin' -1 'Influenza virus vaccine' -1 -2 
2.0225555724234692E-7,96,1124957 -1 19121608 -1  -2 ,'Oxycodone' -1 'Influenza virus vaccine' -1 -2 
2.2213537125028176E-6,408,1125315 1174888 -1 1742253 -1  -2 ,'Acetaminophen' 'Hydrocodone' -1 'Levofloxacin' -1 -2 
2.0524704461157966E-6,265,956874 -1 1310149 -1  -2 ,'Furosemide' -1 'Warfarin' -1 -2 
1.8032418561071094E-6,190,956874 -1 1797513 -1  -2 ,'Furosemide' -1 'Ciprofloxacin' -1 -2 
1.5426613864315645E-6,193,956874 -1 1786621 -1  -2 ,'Furosemide' -1 'Cephalexin' -1 -2 
1.4845550104719051E-6,297,1125315 -1 797399 -1  -2 ,'Acetaminophen' -1 'gabapentin' -1 -2 
1.3407602879930087E-6,124,1713332 -1 1742253 -1  -2 ,'Amoxicillin' -1 'Levofloxacin' -1 -2 
1.321576625301779E-6,134,1713332 -1 1551099 -1  -2 ,'Amoxicillin' -1 'Prednisone' -1 -2 
1.3113136240203575E-6,100,1149380 -1 19049105 -1  -2 ,'fluticasone' -1 'Potassium Chloride' -1 -2 
1.2654799738408512E-6,125,1742253 -1 1713332 -1  -2 ,'Levofloxacin' -1 'Amoxicillin' -1 -2 
1.2436238589956955E-6,89,19049105 -1 1307046 -1  -2 ,'Potassium Chloride' -1 'Metoprolol' -1 -2 
1.1917484170287938E-6,83,1346823 -1 19049105 -1  -2 ,'carvedilol' -1 'Potassium Chloride' -1 -2 
1.138718452342445E-6,283,956874 -1 1153013 -1  -2 ,'Furosemide' -1 'Promethazine' -1 -2 
1.0137778981803717E-6,301,781039 -1 1125315 -1  -2 ,'Alprazolam' -1 'Acetaminophen' -1 -2 
1.0034973473753754E-6,77,19049105 -1 1506270 -1  -2 ,'Potassium Chloride' -1 'Methylprednisolone' -1 -2 
9.658153573763107E-7,285,1149380 -1 956874 -1  -2 ,'fluticasone' -1 'Furosemide' -1 -2 
9.341907215474712E-7,112,1742253 -1 1797513 -1  -2 ,'Levofloxacin' -1 'Ciprofloxacin' -1 -2 
8.991178776841725E-7,55,19121608 -1 1742253 -1  -2 ,'Influenza virus vaccine' -1 'Levofloxacin' -1 -2 
7.967863443544551E-7,209,1125315 -1 1545958 -1  -2 ,'Acetaminophen' -1 'atorvastatin' -1 -2 
7.789484301382292E-7,324,19049105 -1 956874 -1 19049105 -1  -2 ,'Potassium Chloride' -1 'Furosemide' -1 'Potassium Chloride' -1 -2 
7.29155443974185E-7,211,1154343 -1 1506270 -1  -2 ,'Albuterol' -1 'Methylprednisolone' -1 -2 
7.285379363347959E-7,59,1797513 -1 19049105 -1  -2 ,'Ciprofloxacin' -1 'Potassium Chloride' -1 -2 
6.464257659769151E-7,172,1734104 -1 1153013 -1  -2 ,'Azithromycin' -1 'Promethazine' -1 -2 
6.441850791859065E-7,151,1506270 -1 1551099 -1  -2 ,'Methylprednisolone' -1 'Prednisone' -1 -2 
6.088657112308346E-7,82,1307046 -1 19121608 -1  -2 ,'Metoprolol' -1 'Influenza virus vaccine' -1 -2 
5.396071532439926E-7,120,1713332 -1 1786621 -1  -2 ,'Amoxicillin' -1 'Cephalexin' -1 -2 
4.7660310547420044E-7,153,1308216 -1 1734104 -1  -2 ,'Lisinopril' -1 'Azithromycin' -1 -2 
4.3436962573982505E-7,141,1506270 -1 1734104 -1  -2 ,'Methylprednisolone' -1 'Azithromycin' -1 -2 
4.329432434473571E-7,188,1124957 -1 1713332 -1  -2 ,'Oxycodone' -1 'Amoxicillin' -1 -2 
3.983377995897983E-7,185,1124957 -1 1734104 -1  -2 ,'Oxycodone' -1 'Azithromycin' -1 -2 
3.354098979736056E-7,220,1503297 -1 1125315 -1  -2 ,'Metformin' -1 'Acetaminophen' -1 -2 
3.05634279027801E-7,148,1713332 -1 1346823 -1  -2 ,'Amoxicillin' -1 'carvedilol' -1 -2 
2.7899840152530667E-7,146,1346823 -1 1734104 -1  -2 ,'carvedilol' -1 'Azithromycin' -1 -2 
2.6383204012293364E-7,350,956874 -1 956874 -1 19121608 -1  -2 ,'Furosemide' -1 'Furosemide' -1 'Influenza virus vaccine' -1 -2 
2.483430624773208E-7,218,903963 -1 1734104 -1  -2 ,'Triamcinolone' -1 'Azithromycin' -1 -2 
2.226427026425229E-7,623,1125315 1174888 -1 1713332 -1 1125315 1174888 -1  -2 ,'Acetaminophen' 'Hydrocodone' -1 'Amoxicillin' -1 'Acetaminophen' 'Hydrocodone' -1 -2 
1.8640123358877038E-7,137,1713332 -1 1539403 -1  -2 ,'Amoxicillin' -1 'Simvastatin' -1 -2 
3.279010440653468E-6,281,1154343 -1 956874 -1  -2 ,'Albuterol' -1 'Furosemide' -1 -2 
2.9896900300667415E-6,202,1742253 -1 956874 -1  -2 ,'Levofloxacin' -1 'Furosemide' -1 -2 
2.5127545574687033E-6,74,1551099 -1 19049105 -1  -2 ,'Prednisone' -1 'Potassium Chloride' -1 -2 
2.47285076598378E-6,73,19049105 -1 1551099 -1  -2 ,'Potassium Chloride' -1 'Prednisone' -1 -2 
2.3179126202223295E-6,169,1154343 -1 1742253 -1  -2 ,'Albuterol' -1 'Levofloxacin' -1 -2 
2.3027759271985503E-6,412,1742253 -1 1125315 1174888 -1  -2 ,'Levofloxacin' -1 'Acetaminophen' 'Hydrocodone' -1 -2 
2.287983560484381E-6,198,1154343 -1 1551099 -1  -2 ,'Albuterol' -1 'Prednisone' -1 -2 
2.030569598945288E-6,168,1742253 -1 1154343 -1  -2 ,'Levofloxacin' -1 'Albuterol' -1 -2 
1.7657563111899625E-6,129,1742253 -1 1551099 -1  -2 ,'Levofloxacin' -1 'Prednisone' -1 -2 
1.6795695118359292E-6,262,1125315 -1 1154029 -1  -2 ,'Acetaminophen' -1 'Fentanyl' -1 -2 
1.6098162820683263E-6,284,956874 -1 1149380 -1  -2 ,'Furosemide' -1 'fluticasone' -1 -2 
1.42843445848592E-6,131,1734104 -1 1551099 -1  -2 ,'Azithromycin' -1 'Prednisone' -1 -2 
1.4157180702068418E-6,503,1125315 1174888 -1 1124957 -1  -2 ,'Acetaminophen' 'Hydrocodone' -1 'Oxycodone' -1 -2 
1.3644827524679416E-6,487,1125315 1174888 -1 1153013 -1  -2 ,'Acetaminophen' 'Hydrocodone' -1 'Promethazine' -1 -2 
1.36186355478054E-6,287,1125315 -1 970250 -1  -2 ,'Acetaminophen' -1 'Spironolactone' -1 -2 
1.2645418270653847E-6,170,1734104 -1 1154343 -1  -2 ,'Azithromycin' -1 'Albuterol' -1 -2 
1.258397778047559E-6,300,1174888 -1 744740 -1  -2 ,'Hydrocodone' -1 'zolpidem' -1 -2 
1.1845296893147133E-6,343,1125315 -1 956874 -1 19049105 -1  -2 ,'Acetaminophen' -1 'Furosemide' -1 'Potassium Chloride' -1 -2 
1.0585162255185246E-6,203,1518254 -1 1174888 -1  -2 ,'Dexamethasone' -1 'Hydrocodone' -1 -2 
9.99555746269876E-7,460,1310149 -1 1125315 1174888 -1  -2 ,'Warfarin' -1 'Acetaminophen' 'Hydrocodone' -1 -2 
9.79102720250094E-7,493,1149380 -1 1125315 1174888 -1  -2 ,'fluticasone' -1 'Acetaminophen' 'Hydrocodone' -1 -2 
9.461206501631647E-7,251,1154343 -1 1149380 -1  -2 ,'Albuterol' -1 'fluticasone' -1 -2 
8.764674011005744E-7,162,1154343 -1 1797513 -1  -2 ,'Albuterol' -1 'Ciprofloxacin' -1 -2 
8.521151450881626E-7,173,1153013 -1 1734104 -1  -2 ,'Promethazine' -1 'Azithromycin' -1 -2 
8.459412022351771E-7,327,19049105 -1 1705674 1836430 -1  -2 ,'Potassium Chloride' -1 'Trimethoprim' 'Sulfamethoxazole' -1 -2 
8.329913635666708E-7,462,1308216 -1 1125315 1174888 -1  -2 ,'Lisinopril' -1 'Acetaminophen' 'Hydrocodone' -1 -2 
8.118415193518796E-7,328,19049105 -1 1713332 1759842 -1  -2 ,'Potassium Chloride' -1 'Amoxicillin' 'Clavulanate' -1 -2 
7.06402262911466E-7,258,1163944 -1 1125315 -1  -2 ,'Guaifenesin' -1 'Acetaminophen' -1 -2 
6.719016927992422E-7,119,1786621 -1 1713332 -1  -2 ,'Cephalexin' -1 'Amoxicillin' -1 -2 
6.315727541145644E-7,174,1734104 -1 1149380 -1  -2 ,'Azithromycin' -1 'fluticasone' -1 -2 
6.226436161363142E-7,110,1786621 -1 1797513 -1  -2 ,'Cephalexin' -1 'Ciprofloxacin' -1 -2 
6.214531766208998E-7,150,1551099 -1 1506270 -1  -2 ,'Prednisone' -1 'Methylprednisolone' -1 -2 
6.204738475253424E-7,57,1734104 -1 19121608 -1  -2 ,'Azithromycin' -1 'Influenza virus vaccine' -1 -2 
5.920447456220598E-7,234,1125315 -1 1361711 -1  -2 ,'Acetaminophen' -1 'Nitroglycerin' -1 -2 
5.261096826577528E-7,551,1125315 1174888 -1 1705674 1836430 -1  -2 ,'Acetaminophen' 'Hydrocodone' -1 'Trimethoprim' 'Sulfamethoxazole' -1 -2 
4.57170049533676E-7,115,1734104 -1 1786621 -1  -2 ,'Azithromycin' -1 'Cephalexin' -1 -2 
4.547093984448532E-7,357,1734104 -1 1713332 1759842 -1  -2 ,'Azithromycin' -1 'Amoxicillin' 'Clavulanate' -1 -2 
4.538824560373354E-7,438,956874 -1 1174888 -1 1713332 -1  -2 ,'Furosemide' -1 'Hydrocodone' -1 'Amoxicillin' -1 -2 
4.359272763063524E-7,117,1713332 -1 1797513 -1  -2 ,'Amoxicillin' -1 'Ciprofloxacin' -1 -2 
4.263742011112982E-7,108,19049105 -1 903963 -1  -2 ,'Potassium Chloride' -1 'Triamcinolone' -1 -2 
4.2046795365083136E-7,485,1125315 1153664 -1 1174888 -1  -2 ,'Acetaminophen' 'Propoxyphene' -1 'Hydrocodone' -1 -2 
3.954557689302157E-7,116,1786621 -1 1734104 -1  -2 ,'Cephalexin' -1 'Azithromycin' -1 -2 
3.814151463874628E-7,158,1308216 -1 1713332 -1  -2 ,'Lisinopril' -1 'Amoxicillin' -1 -2 
3.672200410011338E-7,229,1174888 -1 1332418 -1  -2 ,'Hydrocodone' -1 'Amlodipine' -1 -2 
3.3984708753569856E-7,93,19121608 -1 1149380 -1  -2 ,'Influenza virus vaccine' -1 'fluticasone' -1 -2 
3.2132590707333183E-7,278,997881 -1 1125315 -1  -2 ,'Clindamycin' -1 'Acetaminophen' -1 -2 
2.6669926525836544E-7,530,1125315 1174888 -1 778711 -1  -2 ,'Acetaminophen' 'Hydrocodone' -1 'cyclobenzaprine' -1 -2 
2.528276928910172E-7,512,1125315 1174888 -1 1103314 -1  -2 ,'Acetaminophen' 'Hydrocodone' -1 'Tramadol' -1 -2 
2.495334684645067E-7,52,1797513 -1 19121608 -1  -2 ,'Ciprofloxacin' -1 'Influenza virus vaccine' -1 -2 
2.4302704756518687E-7,273,986417 -1 1174888 -1  -2 ,'POLYETHYLENE GLYCOL 3350' -1 'Hydrocodone' -1 -2 
2.3396608964057975E-7,164,1734104 -1 1201620 -1  -2 ,'Azithromycin' -1 'Codeine' -1 -2 
2.2844540142125985E-7,213,1506270 -1 1149380 -1  -2 ,'Methylprednisolone' -1 'fluticasone' -1 -2 
1.8637190088866888E-7,359,1734104 -1 1734104 -1 1734104 -1  -2 ,'Azithromycin' -1 'Azithromycin' -1 'Azithromycin' -1 -2 
1.8288956447482753E-7,152,1734104 -1 1308216 -1  -2 ,'Azithromycin' -1 'Lisinopril' -1 -2 
1.6038326281700768E-7,511,1103314 -1 1125315 1174888 -1  -2 ,'Tramadol' -1 'Acetaminophen' 'Hydrocodone' -1 -2 
1.589460486492595E-7,536,1125315 -1 1125315 1174888 -1 19121608 -1  -2 ,'Acetaminophen' -1 'Acetaminophen' 'Hydrocodone' -1 'Influenza virus vaccine' -1 -2 
1.4267075751024297E-7,554,1713332 -1 1713332 -1 1125315 1174888 -1  -2 ,'Amoxicillin' -1 'Amoxicillin' -1 'Acetaminophen' 'Hydrocodone' -1 -2 
1.3652829787552344E-7,70,1539403 -1 19121608 -1  -2 ,'Simvastatin' -1 'Influenza virus vaccine' -1 -2 
1.1574951082230979E-7,364,1713332 -1 1734104 -1 1713332 -1  -2 ,'Amoxicillin' -1 'Azithromycin' -1 'Amoxicillin' -1 -2 
8.97916865641015E-8,523,1125315 1174888 -1 974166 -1  -2 ,'Acetaminophen' 'Hydrocodone' -1 'Hydrochlorothiazide' -1 -2 
8.608064769376148E-8,424,1308216 -1 1308216 -1 1308216 -1  -2 ,'Lisinopril' -1 'Lisinopril' -1 'Lisinopril' -1 -2 
7.347721186722796E-8,196,974166 -1 1734104 -1  -2 ,'Hydrochlorothiazide' -1 'Azithromycin' -1 -2 
1.368133419541334E-6,171,1154343 -1 1734104 -1  -2 ,'Albuterol' -1 'Azithromycin' -1 -2 
8.722331800161598E-7,51,19121608 -1 19049105 -1  -2 ,'Influenza virus vaccine' -1 'Potassium Chloride' -1 -2 
1.027509335714547E-6,391,1125315 1174888 -1 1797513 -1  -2 ,'Acetaminophen' 'Hydrocodone' -1 'Ciprofloxacin' -1 -2 
1.8525370807489477E-6,270,1307046 -1 956874 -1  -2 ,'Metoprolol' -1 'Furosemide' -1 -2 
6.530974834224525E-7,360,1713332 -1 1713332 1759842 -1  -2 ,'Amoxicillin' -1 'Amoxicillin' 'Clavulanate' -1 -2 
3.2226342238777637E-6,243,1125315 -1 1310149 -1  -2 ,'Acetaminophen' -1 'Warfarin' -1 -2 
2.4175404446942964E-7,219,1125315 -1 1503297 -1  -2 ,'Acetaminophen' -1 'Metformin' -1 -2 
3.978555694034457E-7,233,956874 -1 1539403 -1  -2 ,'Furosemide' -1 'Simvastatin' -1 -2 
5.294992319552034E-7,308,708298 -1 1125315 -1  -2 ,'Midazolam' -1 'Acetaminophen' -1 -2 
6.847837644759332E-7,87,19049105 -1 1308216 -1  -2 ,'Potassium Chloride' -1 'Lisinopril' -1 -2 
8.29785534671863E-7,194,1545958 -1 1174888 -1  -2 ,'atorvastatin' -1 'Hydrocodone' -1 -2 
3.3977450876878605E-6,228,956874 -1 1551099 -1  -2 ,'Furosemide' -1 'Prednisone' -1 -2 
1.5420242755620083E-7,205,974166 -1 1713332 -1  -2 ,'Hydrochlorothiazide' -1 'Amoxicillin' -1 -2 
6.773454745864879E-7,507,1125315 1153664 -1 1125315 -1  -2 ,'Acetaminophen' 'Propoxyphene' -1 'Acetaminophen' -1 -2 
2.0602226938293798E-6,122,1734104 -1 1742253 -1  -2 ,'Azithromycin' -1 'Levofloxacin' -1 -2 
3.879417158238345E-7,244,1201620 -1 1201620 -1  -2 ,'Codeine' -1 'Codeine' -1 -2 
5.403469154535477E-7,516,1124957 1125315 -1 1125315 -1  -2 ,'Oxycodone' 'Acetaminophen' -1 'Acetaminophen' -1 -2 
3.739432343966086E-7,224,1308216 -1 1307046 -1  -2 ,'Lisinopril' -1 'Metoprolol' -1 -2 
3.2309459539741633E-7,94,1149380 -1 19121608 -1  -2 ,'fluticasone' -1 'Influenza virus vaccine' -1 -2 
2.2068516583090673E-6,97,19049105 -1 1154343 -1  -2 ,'Potassium Chloride' -1 'Albuterol' -1 -2 
1.5493641526991068E-7,81,19121608 -1 1308216 -1  -2 ,'Influenza virus vaccine' -1 'Lisinopril' -1 -2 
2.8666880552672476E-7,441,1539403 -1 1125315 1174888 -1  -2 ,'Simvastatin' -1 'Acetaminophen' 'Hydrocodone' -1 -2 
9.822286026277525E-7,61,19049105 -1 1786621 -1  -2 ,'Potassium Chloride' -1 'Cephalexin' -1 -2 
1.5698858852026625E-6,216,1518254 -1 1125315 -1  -2 ,'Dexamethasone' -1 'Acetaminophen' -1 -2 
5.382687577605803E-7,114,1797513 -1 1734104 -1  -2 ,'Ciprofloxacin' -1 'Azithromycin' -1 -2 
3.140335452866902E-7,222,903963 -1 1713332 -1  -2 ,'Triamcinolone' -1 'Amoxicillin' -1 -2 
4.596758352847002E-7,615,956874 -1 956874 -1 956874 -1 956874 -1  -2 ,'Furosemide' -1 'Furosemide' -1 'Furosemide' -1 'Furosemide' -1 -2 
2.150708123577105E-6,286,970250 -1 1125315 -1  -2 ,'Spironolactone' -1 'Acetaminophen' -1 -2 
1.2710727689992133E-6,177,1713332 -1 1154343 -1  -2 ,'Amoxicillin' -1 'Albuterol' -1 -2 
1.0197870154852255E-6,247,1174888 -1 1154029 -1  -2 ,'Hydrocodone' -1 'Fentanyl' -1 -2 
1.6361369863803885E-6,66,1734104 -1 19049105 -1  -2 ,'Azithromycin' -1 'Potassium Chloride' -1 -2 
4.534294837158208E-7,226,1361711 -1 1174888 -1  -2 ,'Nitroglycerin' -1 'Hydrocodone' -1 -2 
3.9917925387698747E-7,127,1713332 -1 1705674 -1  -2 ,'Amoxicillin' -1 'Trimethoprim' -1 -2 
1.2424079546357224E-6,86,1308216 -1 19049105 -1  -2 ,'Lisinopril' -1 'Potassium Chloride' -1 -2 
5.280840677301855E-7,160,1713332 -1 1307046 -1  -2 ,'Amoxicillin' -1 'Metoprolol' -1 -2 
1.775172839009299E-7,133,1539403 -1 1734104 -1  -2 ,'Simvastatin' -1 'Azithromycin' -1 -2 
5.832625782009044E-7,299,744740 -1 1174888 -1  -2 ,'zolpidem' -1 'Hydrocodone' -1 -2 
3.730144782656089E-7,525,1125315 1174888 -1 903963 -1  -2 ,'Acetaminophen' 'Hydrocodone' -1 'Triamcinolone' -1 -2 
2.7895293557263502E-6,65,1742253 -1 19049105 -1  -2 ,'Levofloxacin' -1 'Potassium Chloride' -1 -2 
3.058640408359656E-7,157,1713332 -1 1308216 -1  -2 ,'Amoxicillin' -1 'Lisinopril' -1 -2 
8.955741322344993E-7,250,1149380 -1 1154343 -1  -2 ,'fluticasone' -1 'Albuterol' -1 -2 
4.241059136665791E-7,179,1153013 -1 1713332 -1  -2 ,'Promethazine' -1 'Amoxicillin' -1 -2 
1.018969847980612E-6,344,956874 19049105 -1 1125315 -1  -2 ,'Furosemide' 'Potassium Chloride' -1 'Acetaminophen' -1 -2 
6.21217757906225E-7,182,1125315 -1 1738521 -1  -2 ,'Acetaminophen' -1 'Doxycycline' -1 -2 
8.254348221689513E-7,272,1000560 -1 1174888 -1  -2 ,'Ondansetron' -1 'Hydrocodone' -1 -2 
6.271140357234706E-7,191,1797513 -1 956874 -1  -2 ,'Ciprofloxacin' -1 'Furosemide' -1 -2 
7.794465706504678E-7,78,1506270 -1 19049105 -1  -2 ,'Methylprednisolone' -1 'Potassium Chloride' -1 -2 
3.351670383841664E-7,280,986417 -1 1125315 -1  -2 ,'POLYETHYLENE GLYCOL 3350' -1 'Acetaminophen' -1 -2 
2.1640318609488432E-6,227,1551099 -1 956874 -1  -2 ,'Prednisone' -1 'Furosemide' -1 -2 
1.182117158033407E-6,380,956874 -1 1713332 1759842 -1  -2 ,'Furosemide' -1 'Amoxicillin' 'Clavulanate' -1 -2 
3.3419214609431686E-7,195,1174888 -1 1545958 -1  -2 ,'Hydrocodone' -1 'atorvastatin' -1 -2 
3.0273790768270946E-7,175,1149380 -1 1734104 -1  -2 ,'fluticasone' -1 'Azithromycin' -1 -2 
1.4329369182595836E-6,433,1551099 -1 1125315 1174888 -1  -2 ,'Prednisone' -1 'Acetaminophen' 'Hydrocodone' -1 -2 
7.032260113698331E-7,139,1742253 -1 1506270 -1  -2 ,'Levofloxacin' -1 'Methylprednisolone' -1 -2 
2.218960501829005E-7,75,19049105 -1 1539403 -1  -2 ,'Potassium Chloride' -1 'Simvastatin' -1 -2 
8.942241146627124E-7,275,956874 -1 1201620 -1  -2 ,'Furosemide' -1 'Codeine' -1 -2 
1.8371036387852086E-7,440,1125315 1174888 -1 1539403 -1  -2 ,'Acetaminophen' 'Hydrocodone' -1 'Simvastatin' -1 -2 
8.873444317612199E-7,199,1551099 -1 1149380 -1  -2 ,'Prednisone' -1 'fluticasone' -1 -2 
1.0354947462318986E-6,312,19049105 -1 19049105 -1 19049105 -1  -2 ,'Potassium Chloride' -1 'Potassium Chloride' -1 'Potassium Chloride' -1 -2 
5.572560532737386E-7,186,1734104 -1 1124957 -1  -2 ,'Azithromycin' -1 'Oxycodone' -1 -2 
3.066719728912467E-7,457,1332418 -1 1125315 1174888 -1  -2 ,'Amlodipine' -1 'Acetaminophen' 'Hydrocodone' -1 -2 
5.132286042465022E-7,232,1539403 -1 956874 -1  -2 ,'Simvastatin' -1 'Furosemide' -1 -2 
1.6641296414249947E-6,176,1125315 -1 1754994 -1  -2 ,'Acetaminophen' -1 'Fluconazole' -1 -2 
1.222857017471685E-6,60,19049105 -1 1797513 -1  -2 ,'Potassium Chloride' -1 'Ciprofloxacin' -1 -2 
2.836462264796182E-7,293,778711 -1 1174888 -1  -2 ,'cyclobenzaprine' -1 'Hydrocodone' -1 -2 
2.7729305331569625E-7,165,1201620 -1 1713332 -1  -2 ,'Codeine' -1 'Amoxicillin' -1 -2 
5.244170021227183E-7,292,923645 -1 1125315 -1  -2 ,'Omeprazole' -1 'Acetaminophen' -1 -2 
2.2834196843793283E-7,217,1734104 -1 903963 -1  -2 ,'Azithromycin' -1 'Triamcinolone' -1 -2 
7.141846551651735E-7,138,1506270 -1 1742253 -1  -2 ,'Methylprednisolone' -1 'Levofloxacin' -1 -2 
6.366032099715101E-7,101,19049105 -1 1149380 -1  -2 ,'Potassium Chloride' -1 'fluticasone' -1 -2 
4.3228510937959687E-7,352,956874 19049105 -1 956874 -1  -2 ,'Furosemide' 'Potassium Chloride' -1 'Furosemide' -1 -2 
5.718829258120491E-7,259,1125315 -1 1163944 -1  -2 ,'Acetaminophen' -1 'Guaifenesin' -1 -2 
3.2335433073897016E-7,181,1738521 -1 1125315 -1  -2 ,'Doxycycline' -1 'Acetaminophen' -1 -2 
2.77999370696218E-7,128,1506270 -1 1797513 -1  -2 ,'Methylprednisolone' -1 'Ciprofloxacin' -1 -2 
1.1200278807578753E-7,316,1125315 -1 19121608 -1 19121608 -1  -2 ,'Acetaminophen' -1 'Influenza virus vaccine' -1 'Influenza virus vaccine' -1 -2 
4.195450527128763E-7,189,1713332 -1 1124957 -1  -2 ,'Amoxicillin' -1 'Oxycodone' -1 -2 
9.289058664055061E-7,62,1786621 -1 19049105 -1  -2 ,'Cephalexin' -1 'Potassium Chloride' -1 -2 
4.4373946022711645E-7,381,956874 -1 1713332 -1 1713332 -1  -2 ,'Furosemide' -1 'Amoxicillin' -1 'Amoxicillin' -1 -2 
2.549988870591686E-7,223,1713332 -1 903963 -1  -2 ,'Amoxicillin' -1 'Triamcinolone' -1 -2 
3.9879758370316844E-7,309,1125315 -1 708298 -1  -2 ,'Acetaminophen' -1 'Midazolam' -1 -2 
2.907532475951709E-6,64,19049105 -1 1742253 -1  -2 ,'Potassium Chloride' -1 'Levofloxacin' -1 -2 
3.8402645692667674E-7,163,1201620 -1 1734104 -1  -2 ,'Codeine' -1 'Azithromycin' -1 -2 
3.300126273471473E-7,126,1705674 -1 1713332 -1  -2 ,'Trimethoprim' -1 'Amoxicillin' -1 -2 
9.978722201561919E-7,231,1322184 -1 1174888 -1  -2 ,'clopidogrel' -1 'Hydrocodone' -1 -2 
6.246410994543506E-7,492,1125315 1174888 -1 1149380 -1  -2 ,'Acetaminophen' 'Hydrocodone' -1 'fluticasone' -1 -2 
2.8923016588791745E-7,358,1713332 1759842 -1 1734104 -1  -2 ,'Amoxicillin' 'Clavulanate' -1 'Azithromycin' -1 -2 
1.2302553897641526E-6,353,956874 -1 19049105 -1 956874 -1  -2 ,'Furosemide' -1 'Potassium Chloride' -1 'Furosemide' -1 -2 
9.13633502079916E-7,279,1125315 -1 989878 -1  -2 ,'Acetaminophen' -1 'Lidocaine' -1 -2 
3.1350005049423125E-7,76,1539403 -1 19049105 -1  -2 ,'Simvastatin' -1 'Potassium Chloride' -1 -2 
3.306020804745048E-7,166,1713332 -1 1201620 -1  -2 ,'Amoxicillin' -1 'Codeine' -1 -2 
6.33937618371208E-7,184,1149380 -1 1713332 -1  -2 ,'fluticasone' -1 'Amoxicillin' -1 -2 
1.6195490434324945E-7,363,1734104 -1 1713332 -1 1713332 -1  -2 ,'Azithromycin' -1 'Amoxicillin' -1 'Amoxicillin' -1 -2 
7.162461038713418E-7,520,1125315 -1 1124957 1125315 -1  -2 ,'Acetaminophen' -1 'Oxycodone' 'Acetaminophen' -1 -2 
1.6006635966645548E-7,206,1503297 -1 1174888 -1  -2 ,'Metformin' -1 'Hydrocodone' -1 -2 
7.405850214094424E-8,529,1125315 -1 967823 986417 -1  -2 ,'Acetaminophen' -1 'Sodium Chloride' 'POLYETHYLENE GLYCOL 3350' -1 -2 
4.4487975554939447E-7,369,1125315 -1 1734104 -1 1734104 -1  -2 ,'Acetaminophen' -1 'Azithromycin' -1 'Azithromycin' -1 -2 
2.665580985872598E-7,669,1125315 1174888 -1 1125315 1174888 -1 1125315 1174888 -1 1125315 1174888 -1  -2 ,'Acetaminophen' 'Hydrocodone' -1 'Acetaminophen' 'Hydrocodone' -1 'Acetaminophen' 'Hydrocodone' -1 'Acetaminophen' 'Hydrocodone' -1 -2 
1.3629942112611601E-6,200,1149380 -1 1551099 -1  -2 ,'fluticasone' -1 'Prednisone' -1 -2 
7.786652270185341E-7,521,1125315 1174888 -1 1000560 -1  -2 ,'Acetaminophen' 'Hydrocodone' -1 'Ondansetron' -1 -2 
6.837775245451968E-7,180,1713332 -1 1153013 -1  -2 ,'Amoxicillin' -1 'Promethazine' -1 -2 
5.433200096040141E-7,183,1713332 -1 1149380 -1  -2 ,'Amoxicillin' -1 'fluticasone' -1 -2 
1.284723740209035E-7,315,19121608 -1 1125315 -1 19121608 -1  -2 ,'Influenza virus vaccine' -1 'Acetaminophen' -1 'Influenza virus vaccine' -1 -2 
9.927729017033375E-8,207,1174888 -1 1503297 -1  -2 ,'Hydrocodone' -1 'Metformin' -1 -2 
1.4320842129095503E-6,103,1124957 -1 19049105 -1  -2 ,'Oxycodone' -1 'Potassium Chloride' -1 -2 
1.0546076476720668E-6,351,956874 -1 956874 -1 19049105 -1  -2 ,'Furosemide' -1 'Furosemide' -1 'Potassium Chloride' -1 -2 
4.4392734940032037E-7,95,19049105 -1 1201620 -1  -2 ,'Potassium Chloride' -1 'Codeine' -1 -2 
3.7732148612047523E-7,526,903963 -1 1125315 1174888 -1  -2 ,'Triamcinolone' -1 'Acetaminophen' 'Hydrocodone' -1 -2 
2.522621919563053E-7,479,1125315 1174888 -1 1201620 -1  -2 ,'Acetaminophen' 'Hydrocodone' -1 'Codeine' -1 -2 
2.2315694299253012E-6,102,19049105 -1 1124957 -1  -2 ,'Potassium Chloride' -1 'Oxycodone' -1 -2 
2.9370071813719287E-7,367,1734104 -1 1734104 -1 1174888 -1  -2 ,'Azithromycin' -1 'Azithromycin' -1 'Hydrocodone' -1 -2 
2.4979997338121404E-7,387,1786621 -1 1174888 -1 1174888 -1  -2 ,'Cephalexin' -1 'Hydrocodone' -1 'Hydrocodone' -1 -2 
1.9372156405681018E-7,397,1125315 -1 1174888 -1 1786621 -1  -2 ,'Acetaminophen' -1 'Hydrocodone' -1 'Cephalexin' -1 -2 
4.33684954808783E-7,426,1174888 -1 1551099 -1 1174888 -1  -2 ,'Hydrocodone' -1 'Prednisone' -1 'Hydrocodone' -1 -2 
3.6453429971271356E-7,459,956874 -1 1713332 -1 956874 -1  -2 ,'Furosemide' -1 'Amoxicillin' -1 'Furosemide' -1 -2 
1.4151769658121828E-6,346,956874 -1 1125315 -1 19049105 -1  -2 ,'Furosemide' -1 'Acetaminophen' -1 'Potassium Chloride' -1 -2 
1.0756900698638063E-6,326,956874 -1 19049105 -1 19049105 -1  -2 ,'Furosemide' -1 'Potassium Chloride' -1 'Potassium Chloride' -1 -2 
9.13331250974725E-7,354,19049105 -1 956874 -1 956874 -1  -2 ,'Potassium Chloride' -1 'Furosemide' -1 'Furosemide' -1 -2 
8.423601874767971E-7,246,1154029 -1 1174888 -1  -2 ,'Fentanyl' -1 'Hydrocodone' -1 -2 
5.16075181665927E-7,478,1201620 -1 1125315 1174888 -1  -2 ,'Codeine' -1 'Acetaminophen' 'Hydrocodone' -1 -2 
4.671177884043958E-7,494,1125315 -1 1154343 -1 1154343 -1  -2 ,'Acetaminophen' -1 'Albuterol' -1 'Albuterol' -1 -2 
4.477723133080125E-7,406,1797513 -1 1125315 -1 1125315 -1  -2 ,'Ciprofloxacin' -1 'Acetaminophen' -1 'Acetaminophen' -1 -2 
2.5179422998146496E-7,454,956874 -1 956874 -1 1734104 -1  -2 ,'Furosemide' -1 'Furosemide' -1 'Azithromycin' -1 -2 
2.4159549976036557E-7,622,1125315 1174888 -1 1125315 1174888 -1 1713332 -1  -2 ,'Acetaminophen' 'Hydrocodone' -1 'Acetaminophen' 'Hydrocodone' -1 'Amoxicillin' -1 -2 
1.0719272790445227E-7,524,974166 -1 1125315 -1 1125315 -1  -2 ,'Hydrochlorothiazide' -1 'Acetaminophen' -1 'Acetaminophen' -1 -2 
1.1435001997460693E-6,322,19049105 -1 1125315 -1 19049105 -1  -2 ,'Potassium Chloride' -1 'Acetaminophen' -1 'Potassium Chloride' -1 -2 
8.776758019106471E-7,612,956874 -1 1125315 1174888 -1 956874 -1  -2 ,'Furosemide' -1 'Acetaminophen' 'Hydrocodone' -1 'Furosemide' -1 -2 
7.56179758137615E-7,474,1125315 -1 1307046 -1 1125315 -1  -2 ,'Acetaminophen' -1 'Metoprolol' -1 'Acetaminophen' -1 -2 
3.223632745812581E-7,167,1174888 -1 1738521 -1  -2 ,'Hydrocodone' -1 'Doxycycline' -1 -2 
3.1607523264355935E-7,471,1308216 -1 1125315 -1 1125315 -1  -2 ,'Lisinopril' -1 'Acetaminophen' -1 'Acetaminophen' -1 -2 
2.8942529580501116E-7,338,956874 -1 19121608 -1 1125315 -1  -2 ,'Furosemide' -1 'Influenza virus vaccine' -1 'Acetaminophen' -1 -2 
2.037912613535735E-7,469,1125315 -1 1308216 -1 1125315 -1  -2 ,'Acetaminophen' -1 'Lisinopril' -1 'Acetaminophen' -1 -2 
1.8527778142139145E-7,555,1125315 1174888 -1 1713332 -1 1713332 -1  -2 ,'Acetaminophen' 'Hydrocodone' -1 'Amoxicillin' -1 'Amoxicillin' -1 -2 
1.0867043629633502E-7,531,1174888 -1 1125315 1174888 -1 19121608 -1  -2 ,'Hydrocodone' -1 'Acetaminophen' 'Hydrocodone' -1 'Influenza virus vaccine' -1 -2 
8.313197042884143E-8,313,19121608 -1 1174888 -1 19121608 -1  -2 ,'Influenza virus vaccine' -1 'Hydrocodone' -1 'Influenza virus vaccine' -1 -2 
1.0389312354259814E-6,414,1125315 -1 1742253 -1 1174888 -1  -2 ,'Acetaminophen' -1 'Levofloxacin' -1 'Hydrocodone' -1 -2 
8.25081712550894E-7,473,1307046 -1 1125315 -1 1125315 -1  -2 ,'Metoprolol' -1 'Acetaminophen' -1 'Acetaminophen' -1 -2 
8.249767385312193E-7,552,1125315 1174888 -1 1713332 1759842 -1  -2 ,'Acetaminophen' 'Hydrocodone' -1 'Amoxicillin' 'Clavulanate' -1 -2 
7.745716742232549E-7,496,1154343 -1 1125315 -1 1154343 -1  -2 ,'Albuterol' -1 'Acetaminophen' -1 'Albuterol' -1 -2 
6.238688095883506E-7,394,1174888 -1 1174888 -1 1742253 -1  -2 ,'Hydrocodone' -1 'Hydrocodone' -1 'Levofloxacin' -1 -2 
5.986120973470399E-7,488,1125315 -1 1174888 -1 1153013 -1  -2 ,'Acetaminophen' -1 'Hydrocodone' -1 'Promethazine' -1 -2 
5.212410769436431E-7,595,1154343 -1 1125315 -1 1125315 1174888 -1  -2 ,'Albuterol' -1 'Acetaminophen' -1 'Acetaminophen' 'Hydrocodone' -1 -2 
5.177629880406753E-7,497,1125315 -1 1174888 -1 1124957 -1  -2 ,'Acetaminophen' -1 'Hydrocodone' -1 'Oxycodone' -1 -2 
4.984745926078394E-7,332,19049105 -1 1125315 -1 1713332 -1  -2 ,'Potassium Chloride' -1 'Acetaminophen' -1 'Amoxicillin' -1 -2 
4.230164883663874E-7,427,1174888 -1 1174888 -1 1551099 -1  -2 ,'Hydrocodone' -1 'Hydrocodone' -1 'Prednisone' -1 -2 
3.4537307525338166E-7,371,1734104 -1 1125315 -1 1734104 -1  -2 ,'Azithromycin' -1 'Acetaminophen' -1 'Azithromycin' -1 -2 
3.410082866614408E-7,355,1713332 1759842 -1 1759842 -1  -2 ,'Amoxicillin' 'Clavulanate' -1 'Clavulanate' -1 -2 
3.348969393407192E-7,274,1174888 -1 986417 -1  -2 ,'Hydrocodone' -1 'POLYETHYLENE GLYCOL 3350' -1 -2 
3.334919468225456E-7,423,1125315 -1 1705674 -1 1125315 -1  -2 ,'Acetaminophen' -1 'Trimethoprim' -1 'Acetaminophen' -1 -2 
1.939198762379441E-7,385,1125315 -1 1506270 -1 1506270 -1  -2 ,'Acetaminophen' -1 'Methylprednisolone' -1 'Methylprednisolone' -1 -2 
1.7558200483818993E-7,373,1734104 -1 1713332 -1 1125315 -1  -2 ,'Azithromycin' -1 'Amoxicillin' -1 'Acetaminophen' -1 -2 
7.76940759879297E-8,362,1713332 -1 1713332 -1 1734104 -1  -2 ,'Amoxicillin' -1 'Amoxicillin' -1 'Azithromycin' -1 -2 
1.2618990369335335E-6,341,956874 -1 19049105 -1 1174888 -1  -2 ,'Furosemide' -1 'Potassium Chloride' -1 'Hydrocodone' -1 -2 
9.704542690246894E-7,321,1125315 -1 19049105 -1 19049105 -1  -2 ,'Acetaminophen' -1 'Potassium Chloride' -1 'Potassium Chloride' -1 -2 
7.522156430214017E-7,611,1125315 1174888 -1 956874 -1 956874 -1  -2 ,'Acetaminophen' 'Hydrocodone' -1 'Furosemide' -1 'Furosemide' -1 -2 
7.287483516318008E-7,325,19049105 -1 19049105 -1 956874 -1  -2 ,'Potassium Chloride' -1 'Potassium Chloride' -1 'Furosemide' -1 -2 
7.277498524094629E-7,635,1125315 1174888 -1 956874 -1 1125315 1174888 -1  -2 ,'Acetaminophen' 'Hydrocodone' -1 'Furosemide' -1 'Acetaminophen' 'Hydrocodone' -1 -2 
7.180510579385076E-7,610,956874 -1 956874 -1 1125315 1174888 -1  -2 ,'Furosemide' -1 'Furosemide' -1 'Acetaminophen' 'Hydrocodone' -1 -2 
7.042469074236697E-7,417,1125315 -1 1786621 -1 1125315 -1  -2 ,'Acetaminophen' -1 'Cephalexin' -1 'Acetaminophen' -1 -2 
6.757940512736014E-7,484,1125315 -1 1154343 -1 1174888 -1  -2 ,'Acetaminophen' -1 'Albuterol' -1 'Hydrocodone' -1 -2 
6.01441755951234E-7,553,1713332 1759842 -1 1125315 1174888 -1  -2 ,'Amoxicillin' 'Clavulanate' -1 'Acetaminophen' 'Hydrocodone' -1 -2 
5.767997207661787E-7,477,1174888 -1 1174888 -1 1154343 -1  -2 ,'Hydrocodone' -1 'Hydrocodone' -1 'Albuterol' -1 -2 
5.620537934960807E-7,443,956874 -1 1734104 -1 1125315 -1  -2 ,'Furosemide' -1 'Azithromycin' -1 'Acetaminophen' -1 -2 
5.045628685758387E-7,444,956874 -1 1125315 -1 1734104 -1  -2 ,'Furosemide' -1 'Acetaminophen' -1 'Azithromycin' -1 -2 
4.669208922414034E-7,468,1346823 -1 1125315 -1 1125315 -1  -2 ,'carvedilol' -1 'Acetaminophen' -1 'Acetaminophen' -1 -2 
4.147567388350241E-7,458,956874 -1 956874 -1 1713332 -1  -2 ,'Furosemide' -1 'Furosemide' -1 'Amoxicillin' -1 -2 
4.120902011911986E-7,472,1125315 -1 1125315 -1 1307046 -1  -2 ,'Acetaminophen' -1 'Acetaminophen' -1 'Metoprolol' -1 -2 
4.1109396368907447E-7,495,1154343 -1 1154343 -1 1125315 -1  -2 ,'Albuterol' -1 'Albuterol' -1 'Acetaminophen' -1 -2 
4.104065082382791E-7,517,1124957 -1 1125315 -1 1125315 -1  -2 ,'Oxycodone' -1 'Acetaminophen' -1 'Acetaminophen' -1 -2 
3.5811682249373555E-7,370,1734104 -1 1734104 -1 1125315 -1  -2 ,'Azithromycin' -1 'Azithromycin' -1 'Acetaminophen' -1 -2 
3.381696639740043E-7,337,956874 -1 1125315 -1 19121608 -1  -2 ,'Furosemide' -1 'Acetaminophen' -1 'Influenza virus vaccine' -1 -2 
2.3026984470074035E-7,366,1174888 -1 1734104 -1 1734104 -1  -2 ,'Hydrocodone' -1 'Azithromycin' -1 'Azithromycin' -1 -2 
2.1658367945707084E-7,374,1125315 -1 1713332 -1 1734104 -1  -2 ,'Acetaminophen' -1 'Amoxicillin' -1 'Azithromycin' -1 -2 
1.969773031221298E-7,335,19121608 -1 1174888 -1 1174888 -1  -2 ,'Influenza virus vaccine' -1 'Hydrocodone' -1 'Hydrocodone' -1 -2 
1.9694361573894755E-7,375,1734104 -1 1125315 -1 1713332 -1  -2 ,'Azithromycin' -1 'Acetaminophen' -1 'Amoxicillin' -1 -2 
1.9623655009790914E-7,376,1125315 -1 1734104 -1 1713332 -1  -2 ,'Acetaminophen' -1 'Azithromycin' -1 'Amoxicillin' -1 -2 
1.7920816346489735E-7,463,1308216 -1 1125315 -1 1174888 -1  -2 ,'Lisinopril' -1 'Acetaminophen' -1 'Hydrocodone' -1 -2 
1.5601378419329932E-7,429,1506270 -1 1174888 -1 1174888 -1  -2 ,'Methylprednisolone' -1 'Hydrocodone' -1 'Hydrocodone' -1 -2 
1.4791755338836385E-7,556,1713332 -1 1125315 1174888 -1 1713332 -1  -2 ,'Amoxicillin' -1 'Acetaminophen' 'Hydrocodone' -1 'Amoxicillin' -1 -2 
1.4017749043063142E-7,590,1125315 1174888 -1 1125315 -1 1506270 -1  -2 ,'Acetaminophen' 'Hydrocodone' -1 'Acetaminophen' -1 'Methylprednisolone' -1 -2 
1.0922018669100736E-7,330,1713332 -1 1125315 -1 19121608 -1  -2 ,'Amoxicillin' -1 'Acetaminophen' -1 'Influenza virus vaccine' -1 -2 
1.5346111239867602E-6,348,956874 -1 19049105 -1 1125315 -1  -2 ,'Furosemide' -1 'Potassium Chloride' -1 'Acetaminophen' -1 -2 
8.439656219041464E-7,518,1125315 -1 1125315 -1 1124957 -1  -2 ,'Acetaminophen' -1 'Acetaminophen' -1 'Oxycodone' -1 -2 
7.669811833347169E-7,486,1153013 -1 1125315 1174888 -1  -2 ,'Promethazine' -1 'Acetaminophen' 'Hydrocodone' -1 -2 
3.4224809742931104E-7,356,1759842 -1 1713332 1759842 -1  -2 ,'Clavulanate' -1 'Amoxicillin' 'Clavulanate' -1 -2 
1.1128544873397148E-6,505,1125315 -1 1154343 -1 1125315 -1  -2 ,'Acetaminophen' -1 'Albuterol' -1 'Acetaminophen' -1 -2 
2.3559061633604668E-7,288,967823 -1 1125315 -1  -2 ,'Sodium Chloride' -1 'Acetaminophen' -1 -2 
2.0539738971534035E-7,368,1734104 -1 1174888 -1 1734104 -1  -2 ,'Azithromycin' -1 'Hydrocodone' -1 'Azithromycin' -1 -2 
2.424109276012593E-7,470,1125315 -1 1125315 -1 1308216 -1  -2 ,'Acetaminophen' -1 'Acetaminophen' -1 'Lisinopril' -1 -2 
1.907515586126619E-7,329,1125315 -1 1713332 -1 19121608 -1  -2 ,'Acetaminophen' -1 'Amoxicillin' -1 'Influenza virus vaccine' -1 -2 
6.407038732984901E-7,467,1307046 -1 1125315 -1 1174888 -1  -2 ,'Metoprolol' -1 'Acetaminophen' -1 'Hydrocodone' -1 -2 
8.698710156209246E-7,349,1125315 -1 19049105 -1 956874 -1  -2 ,'Acetaminophen' -1 'Potassium Chloride' -1 'Furosemide' -1 -2 
1.3061589156909953E-7,314,19121608 -1 19121608 -1 1125315 -1  -2 ,'Influenza virus vaccine' -1 'Influenza virus vaccine' -1 'Acetaminophen' -1 -2 
6.002553227268407E-7,449,956874 -1 1125315 -1 1713332 -1  -2 ,'Furosemide' -1 'Acetaminophen' -1 'Amoxicillin' -1 -2 
5.380049793884725E-7,405,1125315 -1 1125315 -1 1797513 -1  -2 ,'Acetaminophen' -1 'Acetaminophen' -1 'Ciprofloxacin' -1 -2 
8.105117780904673E-7,318,19049105 -1 1174888 -1 19049105 -1  -2 ,'Potassium Chloride' -1 'Hydrocodone' -1 'Potassium Chloride' -1 -2 
1.616928381054088E-7,452,1539403 -1 1125315 -1 1125315 -1  -2 ,'Simvastatin' -1 'Acetaminophen' -1 'Acetaminophen' -1 -2 
2.356621848383761E-7,372,1713332 -1 1734104 -1 1125315 -1  -2 ,'Amoxicillin' -1 'Azithromycin' -1 'Acetaminophen' -1 -2 
1.0535001303558573E-7,527,1125315 -1 1125315 -1 903963 -1  -2 ,'Acetaminophen' -1 'Acetaminophen' -1 'Triamcinolone' -1 -2 
2.7837512601985396E-7,336,1174888 -1 19121608 -1 1174888 -1  -2 ,'Hydrocodone' -1 'Influenza virus vaccine' -1 'Hydrocodone' -1 -2 
5.313980376863231E-7,450,956874 -1 1713332 -1 1125315 -1  -2 ,'Furosemide' -1 'Amoxicillin' -1 'Acetaminophen' -1 -2 
3.4526790984432446E-7,416,1125315 -1 1125315 -1 1786621 -1  -2 ,'Acetaminophen' -1 'Acetaminophen' -1 'Cephalexin' -1 -2 
6.937665941284163E-7,447,1551099 -1 1125315 -1 1125315 -1  -2 ,'Prednisone' -1 'Acetaminophen' -1 'Acetaminophen' -1 -2 
1.172127361673233E-6,345,19049105 -1 1125315 -1 956874 -1  -2 ,'Potassium Chloride' -1 'Acetaminophen' -1 'Furosemide' -1 -2 
5.053702975071288E-7,333,1125315 -1 19049105 -1 1713332 -1  -2 ,'Acetaminophen' -1 'Potassium Chloride' -1 'Amoxicillin' -1 -2 
7.964397943038007E-7,407,1125315 -1 1174888 -1 1742253 -1  -2 ,'Acetaminophen' -1 'Hydrocodone' -1 'Levofloxacin' -1 -2 
1.6473576878080175E-7,377,1713332 -1 1125315 -1 1734104 -1  -2 ,'Amoxicillin' -1 'Acetaminophen' -1 'Azithromycin' -1 -2 
1.546384143477181E-7,453,1308216 -1 1174888 -1 1174888 -1  -2 ,'Lisinopril' -1 'Hydrocodone' -1 'Hydrocodone' -1 -2 
2.359337899816555E-7,317,19049105 -1 1125315 -1 19121608 -1  -2 ,'Potassium Chloride' -1 'Acetaminophen' -1 'Influenza virus vaccine' -1 -2 
2.1495305317073208E-7,506,1153664 -1 1125315 -1 1125315 -1  -2 ,'Propoxyphene' -1 'Acetaminophen' -1 'Acetaminophen' -1 -2 
8.014802916943268E-7,319,1174888 -1 19049105 -1 19049105 -1  -2 ,'Hydrocodone' -1 'Potassium Chloride' -1 'Potassium Chloride' -1 -2 
1.2805617205340435E-7,451,1125315 -1 1539403 -1 1125315 -1  -2 ,'Acetaminophen' -1 'Simvastatin' -1 'Acetaminophen' -1 -2 
1.0713316724165906E-6,347,19049105 -1 956874 -1 1125315 -1  -2 ,'Potassium Chloride' -1 'Furosemide' -1 'Acetaminophen' -1 -2 
9.544903957845917E-7,395,1174888 -1 1742253 -1 1174888 -1  -2 ,'Hydrocodone' -1 'Levofloxacin' -1 'Hydrocodone' -1 -2 
7.960634193899607E-7,342,956874 -1 1174888 -1 19049105 -1  -2 ,'Furosemide' -1 'Hydrocodone' -1 'Potassium Chloride' -1 -2 
4.4485978107396967E-7,448,1125315 -1 956874 -1 1713332 -1  -2 ,'Acetaminophen' -1 'Furosemide' -1 'Amoxicillin' -1 -2 
2.92254450903579E-7,402,1786621 -1 1125315 -1 1174888 -1  -2 ,'Cephalexin' -1 'Acetaminophen' -1 'Hydrocodone' -1 -2 
2.429445653543777E-7,490,1125315 -1 1201620 -1 1125315 -1  -2 ,'Acetaminophen' -1 'Codeine' -1 'Acetaminophen' -1 -2 
3.3227986581453E-7,383,1174888 -1 1797513 -1 1174888 -1  -2 ,'Hydrocodone' -1 'Ciprofloxacin' -1 'Hydrocodone' -1 -2 
2.803849320502273E-7,398,1174888 -1 1786621 -1 1125315 -1  -2 ,'Hydrocodone' -1 'Cephalexin' -1 'Acetaminophen' -1 -2 
4.2449597873903163E-7,430,1125315 -1 1174888 -1 1551099 -1  -2 ,'Acetaminophen' -1 'Hydrocodone' -1 'Prednisone' -1 -2 
9.014641266652768E-7,419,1742253 -1 1125315 -1 1125315 -1  -2 ,'Levofloxacin' -1 'Acetaminophen' -1 'Acetaminophen' -1 -2 
4.792648017058225E-7,515,1149380 -1 1125315 -1 1125315 -1  -2 ,'fluticasone' -1 'Acetaminophen' -1 'Acetaminophen' -1 -2 
6.671837071256711E-7,475,1154343 -1 1174888 -1 1174888 -1  -2 ,'Albuterol' -1 'Hydrocodone' -1 'Hydrocodone' -1 -2 
6.804360805861823E-7,320,19049105 -1 19049105 -1 1174888 -1  -2 ,'Potassium Chloride' -1 'Potassium Chloride' -1 'Hydrocodone' -1 -2 
1.2988812748617136E-7,591,1125315 -1 1506270 -1 1125315 1174888 -1  -2 ,'Acetaminophen' -1 'Methylprednisolone' -1 'Acetaminophen' 'Hydrocodone' -1 -2 
4.532299692932767E-7,331,19049105 -1 1125315 -1 1734104 -1  -2 ,'Potassium Chloride' -1 'Acetaminophen' -1 'Azithromycin' -1 -2 
9.84615263868791E-7,510,1125315 -1 1125315 -1 1153013 -1  -2 ,'Acetaminophen' -1 'Acetaminophen' -1 'Promethazine' -1 -2 
2.617096335997194E-7,500,1124957 -1 1174888 -1 1125315 -1  -2 ,'Oxycodone' -1 'Hydrocodone' -1 'Acetaminophen' -1 -2 
6.625568096318749E-7,435,1125315 -1 1551099 -1 1174888 -1  -2 ,'Acetaminophen' -1 'Prednisone' -1 'Hydrocodone' -1 -2 
1.058247330278072E-7,586,1174888 -1 1125315 1174888 -1 1506270 -1  -2 ,'Hydrocodone' -1 'Acetaminophen' 'Hydrocodone' -1 'Methylprednisolone' -1 -2 
4.574508878409184E-7,392,1125315 -1 1174888 -1 1797513 -1  -2 ,'Acetaminophen' -1 'Hydrocodone' -1 'Ciprofloxacin' -1 -2 
1.258857830516631E-7,538,1125315 1174888 -1 1125315 -1 19121608 -1  -2 ,'Acetaminophen' 'Hydrocodone' -1 'Acetaminophen' -1 'Influenza virus vaccine' -1 -2 
3.987634323785306E-7,439,956874 -1 1713332 -1 1174888 -1  -2 ,'Furosemide' -1 'Amoxicillin' -1 'Hydrocodone' -1 -2 
2.0101415056756456E-7,528,1125315 -1 903963 -1 1125315 -1  -2 ,'Acetaminophen' -1 'Triamcinolone' -1 'Acetaminophen' -1 -2 
8.648054405651151E-7,339,19049105 -1 1174888 -1 956874 -1  -2 ,'Potassium Chloride' -1 'Hydrocodone' -1 'Furosemide' -1 -2 
4.641322002470248E-7,557,1125315 -1 1713332 1759842 -1 1125315 -1  -2 ,'Acetaminophen' -1 'Amoxicillin' 'Clavulanate' -1 'Acetaminophen' -1 -2 
2.9814039269807213E-7,422,1125315 -1 1125315 -1 1705674 -1  -2 ,'Acetaminophen' -1 'Acetaminophen' -1 'Trimethoprim' -1 -2 
2.5990541424993924E-7,390,1797513 -1 1125315 -1 1174888 -1  -2 ,'Ciprofloxacin' -1 'Acetaminophen' -1 'Hydrocodone' -1 -2 
8.848411773466729E-7,602,1125315 1174888 -1 1125315 -1 956874 -1  -2 ,'Acetaminophen' 'Hydrocodone' -1 'Acetaminophen' -1 'Furosemide' -1 -2 
8.387713936113863E-7,323,19049105 -1 19049105 -1 1125315 -1  -2 ,'Potassium Chloride' -1 'Potassium Chloride' -1 'Acetaminophen' -1 -2 
3.588963508247708E-7,384,1174888 -1 1174888 -1 1797513 -1  -2 ,'Hydrocodone' -1 'Hydrocodone' -1 'Ciprofloxacin' -1 -2 
1.9701021282548532E-7,461,1308216 -1 1174888 -1 1125315 -1  -2 ,'Lisinopril' -1 'Hydrocodone' -1 'Acetaminophen' -1 -2 
1.7470929709219665E-7,491,1125315 -1 1125315 -1 1201620 -1  -2 ,'Acetaminophen' -1 'Acetaminophen' -1 'Codeine' -1 -2 
6.570715821976989E-7,481,1174888 -1 1125315 -1 1154343 -1  -2 ,'Hydrocodone' -1 'Acetaminophen' -1 'Albuterol' -1 -2 
5.262065518885121E-7,508,1153013 -1 1125315 -1 1125315 -1  -2 ,'Promethazine' -1 'Acetaminophen' -1 'Acetaminophen' -1 -2 
5.146309840886689E-7,498,1125315 -1 1124957 -1 1174888 -1  -2 ,'Acetaminophen' -1 'Oxycodone' -1 'Hydrocodone' -1 -2 
4.951553448036184E-7,514,1125315 -1 1149380 -1 1125315 -1  -2 ,'Acetaminophen' -1 'fluticasone' -1 'Acetaminophen' -1 -2 
4.5091797630252595E-7,334,19049105 -1 1713332 -1 1125315 -1  -2 ,'Potassium Chloride' -1 'Amoxicillin' -1 'Acetaminophen' -1 -2 
4.2202496763860316E-7,504,1174888 -1 1125315 -1 1124957 -1  -2 ,'Hydrocodone' -1 'Acetaminophen' -1 'Oxycodone' -1 -2 
8.705691090616559E-7,603,1125315 -1 1125315 1174888 -1 956874 -1  -2 ,'Acetaminophen' -1 'Acetaminophen' 'Hydrocodone' -1 'Furosemide' -1 -2 
2.607620018591577E-7,558,1125315 -1 1125315 -1 1713332 1759842 -1  -2 ,'Acetaminophen' -1 'Acetaminophen' -1 'Amoxicillin' 'Clavulanate' -1 -2 
1.5178702238328369E-6,420,1125315 -1 1742253 -1 1125315 -1  -2 ,'Acetaminophen' -1 'Levofloxacin' -1 'Acetaminophen' -1 -2 
8.647045373485514E-7,636,956874 -1 1125315 1174888 -1 1125315 1174888 -1  -2 ,'Furosemide' -1 'Acetaminophen' 'Hydrocodone' -1 'Acetaminophen' 'Hydrocodone' -1 -2 
7.183096895365601E-7,410,1742253 -1 1125315 -1 1174888 -1  -2 ,'Levofloxacin' -1 'Acetaminophen' -1 'Hydrocodone' -1 -2 
7.015976876545457E-7,340,19049105 -1 956874 -1 1174888 -1  -2 ,'Potassium Chloride' -1 'Furosemide' -1 'Hydrocodone' -1 -2 
5.530610666022937E-7,539,1174888 -1 1125315 1174888 -1 19049105 -1  -2 ,'Hydrocodone' -1 'Acetaminophen' 'Hydrocodone' -1 'Potassium Chloride' -1 -2 
5.243932342231679E-7,445,1125315 -1 1125315 -1 1551099 -1  -2 ,'Acetaminophen' -1 'Acetaminophen' -1 'Prednisone' -1 -2 
2.238718732722278E-7,382,1797513 -1 1174888 -1 1174888 -1  -2 ,'Ciprofloxacin' -1 'Hydrocodone' -1 'Hydrocodone' -1 -2 
7.680849414715717E-7,509,1125315 -1 1153013 -1 1125315 -1  -2 ,'Acetaminophen' -1 'Promethazine' -1 'Acetaminophen' -1 -2 
7.067377885163994E-7,483,1174888 -1 1154343 -1 1125315 -1  -2 ,'Hydrocodone' -1 'Albuterol' -1 'Acetaminophen' -1 -2 
6.909734142007566E-7,482,1154343 -1 1174888 -1 1125315 -1  -2 ,'Albuterol' -1 'Hydrocodone' -1 'Acetaminophen' -1 -2 
5.194949073989996E-7,428,1551099 -1 1174888 -1 1174888 -1  -2 ,'Prednisone' -1 'Hydrocodone' -1 'Hydrocodone' -1 -2 
4.711465155104297E-7,613,956874 -1 1125315 -1 956874 -1 1125315 -1  -2 ,'Furosemide' -1 'Acetaminophen' -1 'Furosemide' -1 'Acetaminophen' -1 -2 
4.4612144833360296E-7,393,1174888 -1 1797513 -1 1125315 -1  -2 ,'Hydrocodone' -1 'Ciprofloxacin' -1 'Acetaminophen' -1 -2 
3.372581216446928E-7,513,1125315 -1 1125315 -1 1149380 -1  -2 ,'Acetaminophen' -1 'Acetaminophen' -1 'fluticasone' -1 -2 
2.768175698082656E-7,619,1734104 -1 1125315 1174888 -1 1125315 1174888 -1  -2 ,'Azithromycin' -1 'Acetaminophen' 'Hydrocodone' -1 'Acetaminophen' 'Hydrocodone' -1 -2 
1.7751421713206366E-7,535,19121608 -1 1125315 -1 1125315 1174888 -1  -2 ,'Influenza virus vaccine' -1 'Acetaminophen' -1 'Acetaminophen' 'Hydrocodone' -1 -2 
1.0007943798671604E-7,589,1506270 -1 1125315 1174888 -1 1125315 -1  -2 ,'Methylprednisolone' -1 'Acetaminophen' 'Hydrocodone' -1 'Acetaminophen' -1 -2 
1.1214716573829626E-6,446,1125315 -1 1551099 -1 1125315 -1  -2 ,'Acetaminophen' -1 'Prednisone' -1 'Acetaminophen' -1 -2 
7.018263592798833E-7,396,1742253 -1 1174888 -1 1174888 -1  -2 ,'Levofloxacin' -1 'Hydrocodone' -1 'Hydrocodone' -1 -2 
5.169286841789663E-7,476,1174888 -1 1154343 -1 1174888 -1  -2 ,'Hydrocodone' -1 'Albuterol' -1 'Hydrocodone' -1 -2 
3.0626423539207043E-7,400,1125315 -1 1786621 -1 1174888 -1  -2 ,'Acetaminophen' -1 'Cephalexin' -1 'Hydrocodone' -1 -2 
2.7735535173505145E-7,534,1125315 -1 19121608 -1 1125315 1174888 -1  -2 ,'Acetaminophen' -1 'Influenza virus vaccine' -1 'Acetaminophen' 'Hydrocodone' -1 -2 
2.6584149353483123E-7,560,1125315 -1 1797513 -1 1125315 1174888 -1  -2 ,'Acetaminophen' -1 'Ciprofloxacin' -1 'Acetaminophen' 'Hydrocodone' -1 -2 
2.4029041573064407E-7,403,1174888 -1 1125315 -1 1786621 -1  -2 ,'Hydrocodone' -1 'Acetaminophen' -1 'Cephalexin' -1 -2 
2.0269525767085429E-7,621,1713332 -1 1125315 1174888 -1 1125315 1174888 -1  -2 ,'Amoxicillin' -1 'Acetaminophen' 'Hydrocodone' -1 'Acetaminophen' 'Hydrocodone' -1 -2 
1.7509782250767673E-7,624,1174888 -1 1174888 -1 1174888 -1 1174888 -1 1174888 -1  -2 ,'Hydrocodone' -1 'Hydrocodone' -1 'Hydrocodone' -1 'Hydrocodone' -1 'Hydrocodone' -1 -2 
5.692047020606373E-7,499,1174888 -1 1124957 -1 1125315 -1  -2 ,'Hydrocodone' -1 'Oxycodone' -1 'Acetaminophen' -1 -2 
3.690785026434192E-7,614,956874 -1 1125315 -1 1125315 -1 956874 -1  -2 ,'Furosemide' -1 'Acetaminophen' -1 'Acetaminophen' -1 'Furosemide' -1 -2 
3.185489061717718E-7,388,1797513 -1 1174888 -1 1125315 -1  -2 ,'Ciprofloxacin' -1 'Hydrocodone' -1 'Acetaminophen' -1 -2 
2.4863667453066613E-7,582,1125315 -1 1125315 -1 1125315 -1 1713332 -1  -2 ,'Acetaminophen' -1 'Acetaminophen' -1 'Acetaminophen' -1 'Amoxicillin' -1 -2 
1.8821408484298903E-7,386,1174888 -1 1786621 -1 1174888 -1  -2 ,'Hydrocodone' -1 'Cephalexin' -1 'Hydrocodone' -1 -2 
1.3888580769406817E-7,489,1201620 -1 1125315 -1 1125315 -1  -2 ,'Codeine' -1 'Acetaminophen' -1 'Acetaminophen' -1 -2 
1.104621624112794E-7,532,1125315 1174888 -1 1174888 -1 19121608 -1  -2 ,'Acetaminophen' 'Hydrocodone' -1 'Hydrocodone' -1 'Influenza virus vaccine' -1 -2 
1.0494197260493581E-6,421,1125315 -1 1125315 -1 1742253 -1  -2 ,'Acetaminophen' -1 'Acetaminophen' -1 'Levofloxacin' -1 -2 
7.856730774568817E-7,598,1174888 -1 1125315 1174888 -1 956874 -1  -2 ,'Hydrocodone' -1 'Acetaminophen' 'Hydrocodone' -1 'Furosemide' -1 -2 
7.452291200445449E-7,544,1125315 1174888 -1 1125315 -1 19049105 -1  -2 ,'Acetaminophen' 'Hydrocodone' -1 'Acetaminophen' -1 'Potassium Chloride' -1 -2 
7.006494304652629E-7,413,1742253 -1 1174888 -1 1125315 -1  -2 ,'Levofloxacin' -1 'Hydrocodone' -1 'Acetaminophen' -1 -2 
6.648728950273125E-7,431,1174888 -1 1551099 -1 1125315 -1  -2 ,'Hydrocodone' -1 'Prednisone' -1 'Acetaminophen' -1 -2 
6.324694819342551E-7,409,1174888 -1 1125315 -1 1742253 -1  -2 ,'Hydrocodone' -1 'Acetaminophen' -1 'Levofloxacin' -1 -2 
5.487458935411193E-7,541,1125315 -1 1125315 1174888 -1 19049105 -1  -2 ,'Acetaminophen' -1 'Acetaminophen' 'Hydrocodone' -1 'Potassium Chloride' -1 -2 
5.070021500113548E-7,434,1551099 -1 1125315 -1 1174888 -1  -2 ,'Prednisone' -1 'Acetaminophen' -1 'Hydrocodone' -1 -2 
3.95542909208792E-7,389,1174888 -1 1125315 -1 1797513 -1  -2 ,'Hydrocodone' -1 'Acetaminophen' -1 'Ciprofloxacin' -1 -2 
3.2125478573024874E-7,600,956874 -1 1174888 -1 1125315 -1 1174888 -1  -2 ,'Furosemide' -1 'Hydrocodone' -1 'Acetaminophen' -1 'Hydrocodone' -1 -2 
3.160822054662159E-7,418,1786621 -1 1125315 -1 1125315 -1  -2 ,'Cephalexin' -1 'Acetaminophen' -1 'Acetaminophen' -1 -2 
1.72633827505935E-7,668,1125315 -1 1125315 -1 1125315 -1 1125315 -1 1125315 -1 1125315 -1  -2 ,'Acetaminophen' -1 'Acetaminophen' -1 'Acetaminophen' -1 'Acetaminophen' -1 'Acetaminophen' -1 'Acetaminophen' -1 -2 
1.314279979043239E-7,576,1713332 -1 1125315 -1 1174888 -1 1125315 -1  -2 ,'Amoxicillin' -1 'Acetaminophen' -1 'Hydrocodone' -1 'Acetaminophen' -1 -2 
8.622740161249292E-8,592,1506270 -1 1125315 -1 1125315 1174888 -1  -2 ,'Methylprednisolone' -1 'Acetaminophen' -1 'Acetaminophen' 'Hydrocodone' -1 -2 
5.446374358289067E-7,608,956874 -1 1125315 -1 1125315 -1 1125315 -1  -2 ,'Furosemide' -1 'Acetaminophen' -1 'Acetaminophen' -1 'Acetaminophen' -1 -2 
7.994905754209963E-7,519,1125315 -1 1124957 -1 1125315 -1  -2 ,'Acetaminophen' -1 'Oxycodone' -1 'Acetaminophen' -1 -2 
1.090702755223471E-6,411,1174888 -1 1742253 -1 1125315 -1  -2 ,'Hydrocodone' -1 'Levofloxacin' -1 'Acetaminophen' -1 -2 
1.366256918180397E-7,593,1125315 -1 1125315 1174888 -1 1506270 -1  -2 ,'Acetaminophen' -1 'Acetaminophen' 'Hydrocodone' -1 'Methylprednisolone' -1 -2 
1.638370413147103E-7,533,19121608 -1 1125315 1174888 -1 1125315 -1  -2 ,'Influenza virus vaccine' -1 'Acetaminophen' 'Hydrocodone' -1 'Acetaminophen' -1 -2 
1.6868875126019413E-7,559,1125315 -1 1713332 -1 1125315 -1 1713332 -1  -2 ,'Acetaminophen' -1 'Amoxicillin' -1 'Acetaminophen' -1 'Amoxicillin' -1 -2 
6.670565654195713E-7,596,1125315 1174888 -1 1174888 -1 956874 -1  -2 ,'Acetaminophen' 'Hydrocodone' -1 'Hydrocodone' -1 'Furosemide' -1 -2 
5.040918881101739E-7,437,1551099 -1 1174888 -1 1125315 -1  -2 ,'Prednisone' -1 'Hydrocodone' -1 'Acetaminophen' -1 -2 
2.022403924870001E-7,404,1786621 -1 1174888 -1 1125315 -1  -2 ,'Cephalexin' -1 'Hydrocodone' -1 'Acetaminophen' -1 -2 
4.23157679479673E-7,436,1174888 -1 1125315 -1 1551099 -1  -2 ,'Hydrocodone' -1 'Acetaminophen' -1 'Prednisone' -1 -2 
1.6601411125557673E-7,537,1125315 1174888 -1 19121608 -1 1125315 -1  -2 ,'Acetaminophen' 'Hydrocodone' -1 'Influenza virus vaccine' -1 'Acetaminophen' -1 -2 
5.126307689920893E-7,616,19049105 -1 1125315 1174888 -1 1125315 1174888 -1  -2 ,'Potassium Chloride' -1 'Acetaminophen' 'Hydrocodone' -1 'Acetaminophen' 'Hydrocodone' -1 -2 
1.8162929213285195E-7,579,1125315 -1 1125315 -1 1125315 -1 1734104 -1  -2 ,'Acetaminophen' -1 'Acetaminophen' -1 'Acetaminophen' -1 'Azithromycin' -1 -2 
4.860245250491625E-7,540,1125315 1174888 -1 1174888 -1 19049105 -1  -2 ,'Acetaminophen' 'Hydrocodone' -1 'Hydrocodone' -1 'Potassium Chloride' -1 -2 
9.961805674080466E-8,587,1174888 -1 1506270 -1 1125315 1174888 -1  -2 ,'Hydrocodone' -1 'Methylprednisolone' -1 'Acetaminophen' 'Hydrocodone' -1 -2 
3.698331028121318E-7,594,1125315 -1 1125315 1174888 -1 1154343 -1  -2 ,'Acetaminophen' -1 'Acetaminophen' 'Hydrocodone' -1 'Albuterol' -1 -2 
2.6460389884607615E-7,584,1713332 -1 1125315 -1 1125315 -1 1125315 -1  -2 ,'Amoxicillin' -1 'Acetaminophen' -1 'Acetaminophen' -1 'Acetaminophen' -1 -2 
1.4818179341238256E-7,561,1125315 -1 1174888 -1 1174888 -1 1713332 -1  -2 ,'Acetaminophen' -1 'Hydrocodone' -1 'Hydrocodone' -1 'Amoxicillin' -1 -2 
2.787739062397132E-7,618,1125315 1174888 -1 1734104 -1 1125315 1174888 -1  -2 ,'Acetaminophen' 'Hydrocodone' -1 'Azithromycin' -1 'Acetaminophen' 'Hydrocodone' -1 -2 
7.107751995758241E-7,617,1125315 1174888 -1 19049105 -1 1125315 1174888 -1  -2 ,'Acetaminophen' 'Hydrocodone' -1 'Potassium Chloride' -1 'Acetaminophen' 'Hydrocodone' -1 -2 
6.530822681041488E-7,609,1125315 -1 1125315 -1 956874 -1 1125315 -1  -2 ,'Acetaminophen' -1 'Acetaminophen' -1 'Furosemide' -1 'Acetaminophen' -1 -2 
3.434645674724106E-7,597,956874 -1 1125315 -1 1174888 -1 1174888 -1  -2 ,'Furosemide' -1 'Acetaminophen' -1 'Hydrocodone' -1 'Hydrocodone' -1 -2 
1.9845916756981975E-7,564,1125315 -1 1125315 -1 1174888 -1 1734104 -1  -2 ,'Acetaminophen' -1 'Acetaminophen' -1 'Hydrocodone' -1 'Azithromycin' -1 -2 
1.5455094345078344E-7,626,1125315 -1 1174888 -1 1174888 -1 1174888 -1 1174888 -1  -2 ,'Acetaminophen' -1 'Hydrocodone' -1 'Hydrocodone' -1 'Hydrocodone' -1 'Hydrocodone' -1 -2 
4.2560252490254674E-7,607,1125315 -1 956874 -1 1125315 -1 1125315 -1  -2 ,'Acetaminophen' -1 'Furosemide' -1 'Acetaminophen' -1 'Acetaminophen' -1 -2 
1.8877667579417328E-7,620,1125315 1174888 -1 1125315 1174888 -1 1734104 -1  -2 ,'Acetaminophen' 'Hydrocodone' -1 'Acetaminophen' 'Hydrocodone' -1 'Azithromycin' -1 -2 
4.045645021285239E-7,547,1125315 -1 1125315 -1 1125315 -1 19049105 -1  -2 ,'Acetaminophen' -1 'Acetaminophen' -1 'Acetaminophen' -1 'Potassium Chloride' -1 -2 
2.498671412302672E-7,583,1125315 -1 1125315 -1 1713332 -1 1125315 -1  -2 ,'Acetaminophen' -1 'Acetaminophen' -1 'Amoxicillin' -1 'Acetaminophen' -1 -2 
2.580527490701139E-7,580,1734104 -1 1125315 -1 1125315 -1 1125315 -1  -2 ,'Azithromycin' -1 'Acetaminophen' -1 'Acetaminophen' -1 'Acetaminophen' -1 -2 
1.727358249894803E-7,573,1174888 -1 1713332 -1 1125315 -1 1125315 -1  -2 ,'Hydrocodone' -1 'Amoxicillin' -1 'Acetaminophen' -1 'Acetaminophen' -1 -2 
1.7885760098163647E-7,574,1125315 -1 1174888 -1 1713332 -1 1125315 -1  -2 ,'Acetaminophen' -1 'Hydrocodone' -1 'Amoxicillin' -1 'Acetaminophen' -1 -2 
1.287681735375523E-7,588,1125315 1174888 -1 1506270 -1 1125315 -1  -2 ,'Acetaminophen' 'Hydrocodone' -1 'Methylprednisolone' -1 'Acetaminophen' -1 -2 
3.821601427347281E-7,601,956874 -1 1125315 -1 1125315 -1 1174888 -1  -2 ,'Furosemide' -1 'Acetaminophen' -1 'Acetaminophen' -1 'Hydrocodone' -1 -2 
4.380260083810162E-7,546,19049105 -1 1125315 -1 1125315 -1 1125315 -1  -2 ,'Potassium Chloride' -1 'Acetaminophen' -1 'Acetaminophen' -1 'Acetaminophen' -1 -2 
2.5618561456994104E-7,543,19049105 -1 1125315 -1 1174888 -1 1125315 -1  -2 ,'Potassium Chloride' -1 'Acetaminophen' -1 'Hydrocodone' -1 'Acetaminophen' -1 -2 
1.7179525330441835E-7,570,1713332 -1 1174888 -1 1125315 -1 1125315 -1  -2 ,'Amoxicillin' -1 'Hydrocodone' -1 'Acetaminophen' -1 'Acetaminophen' -1 -2 
3.720034994149977E-7,605,956874 -1 1125315 -1 1174888 -1 1125315 -1  -2 ,'Furosemide' -1 'Acetaminophen' -1 'Hydrocodone' -1 'Acetaminophen' -1 -2 
2.2209790711890991E-7,563,1125315 -1 1174888 -1 1734104 -1 1125315 -1  -2 ,'Acetaminophen' -1 'Hydrocodone' -1 'Azithromycin' -1 'Acetaminophen' -1 -2 
1.6985210247918523E-7,569,1125315 -1 1125315 -1 1174888 -1 1713332 -1  -2 ,'Acetaminophen' -1 'Acetaminophen' -1 'Hydrocodone' -1 'Amoxicillin' -1 -2 
1.8382395397364262E-7,572,1174888 -1 1125315 -1 1125315 -1 1713332 -1  -2 ,'Hydrocodone' -1 'Acetaminophen' -1 'Acetaminophen' -1 'Amoxicillin' -1 -2 
1.8079104786384714E-7,562,1125315 -1 1174888 -1 1713332 -1 1174888 -1  -2 ,'Acetaminophen' -1 'Hydrocodone' -1 'Amoxicillin' -1 'Hydrocodone' -1 -2 
2.599289255317579E-7,578,1125315 -1 1125315 -1 1734104 -1 1125315 -1  -2 ,'Acetaminophen' -1 'Acetaminophen' -1 'Azithromycin' -1 'Acetaminophen' -1 -2 
2.3275508166512103E-7,577,1125315 -1 1713332 -1 1125315 -1 1174888 -1  -2 ,'Acetaminophen' -1 'Amoxicillin' -1 'Acetaminophen' -1 'Hydrocodone' -1 -2 
3.175380353336359E-7,581,1125315 -1 1734104 -1 1125315 -1 1125315 -1  -2 ,'Acetaminophen' -1 'Azithromycin' -1 'Acetaminophen' -1 'Acetaminophen' -1 -2 
2.113717093775389E-7,633,1174888 -1 1125315 -1 1174888 -1 1125315 -1 1174888 -1  -2 ,'Hydrocodone' -1 'Acetaminophen' -1 'Hydrocodone' -1 'Acetaminophen' -1 'Hydrocodone' -1 -2 
2.0049277817354168E-7,566,1125315 -1 1125315 -1 1713332 -1 1174888 -1  -2 ,'Acetaminophen' -1 'Acetaminophen' -1 'Amoxicillin' -1 'Hydrocodone' -1 -2 
1.7423522541809832E-7,568,1125315 -1 1174888 -1 1125315 -1 1713332 -1  -2 ,'Acetaminophen' -1 'Hydrocodone' -1 'Acetaminophen' -1 'Amoxicillin' -1 -2 
5.281879143712514E-7,548,1125315 -1 1125315 -1 19049105 -1 1125315 -1  -2 ,'Acetaminophen' -1 'Acetaminophen' -1 'Potassium Chloride' -1 'Acetaminophen' -1 -2 
1.7946949646783642E-7,627,1174888 -1 1174888 -1 1174888 -1 1125315 -1 1174888 -1  -2 ,'Hydrocodone' -1 'Hydrocodone' -1 'Hydrocodone' -1 'Acetaminophen' -1 'Hydrocodone' -1 -2 
4.5226757306683587E-7,606,1125315 -1 1125315 -1 1125315 -1 956874 -1  -2 ,'Acetaminophen' -1 'Acetaminophen' -1 'Acetaminophen' -1 'Furosemide' -1 -2 
3.750206275701829E-7,545,1125315 -1 19049105 -1 1125315 -1 1125315 -1  -2 ,'Acetaminophen' -1 'Potassium Chloride' -1 'Acetaminophen' -1 'Acetaminophen' -1 -2 
3.688451094750794E-7,604,956874 -1 1174888 -1 1125315 -1 1125315 -1  -2 ,'Furosemide' -1 'Hydrocodone' -1 'Acetaminophen' -1 'Acetaminophen' -1 -2 
3.275294125395802E-7,599,956874 -1 1174888 -1 1174888 -1 1125315 -1  -2 ,'Furosemide' -1 'Hydrocodone' -1 'Hydrocodone' -1 'Acetaminophen' -1 -2 
2.0505868375910227E-7,632,1174888 -1 1174888 -1 1174888 -1 1125315 -1 1125315 -1  -2 ,'Hydrocodone' -1 'Hydrocodone' -1 'Hydrocodone' -1 'Acetaminophen' -1 'Acetaminophen' -1 -2 
1.9141178572576775E-7,565,1125315 -1 1174888 -1 1125315 -1 1734104 -1  -2 ,'Acetaminophen' -1 'Hydrocodone' -1 'Acetaminophen' -1 'Azithromycin' -1 -2 
1.8428670129675518E-7,575,1125315 -1 1713332 -1 1174888 -1 1125315 -1  -2 ,'Acetaminophen' -1 'Amoxicillin' -1 'Hydrocodone' -1 'Acetaminophen' -1 -2 
1.7222479337094205E-7,667,1125315 1174888 -1 1125315 -1 1125315 -1 1125315 -1 1125315 -1  -2 ,'Acetaminophen' 'Hydrocodone' -1 'Acetaminophen' -1 'Acetaminophen' -1 'Acetaminophen' -1 'Acetaminophen' -1 -2 
1.651585335736105E-7,571,1713332 -1 1125315 -1 1125315 -1 1174888 -1  -2 ,'Amoxicillin' -1 'Acetaminophen' -1 'Acetaminophen' -1 'Hydrocodone' -1 -2 
1.6377518295216773E-7,567,1174888 -1 1125315 -1 1713332 -1 1125315 -1  -2 ,'Hydrocodone' -1 'Acetaminophen' -1 'Amoxicillin' -1 'Acetaminophen' -1 -2 
1.5957290081825477E-7,666,1125315 -1 1125315 -1 1125315 -1 1125315 -1 1125315 1174888 -1  -2 ,'Acetaminophen' -1 'Acetaminophen' -1 'Acetaminophen' -1 'Acetaminophen' -1 'Acetaminophen' 'Hydrocodone' -1 -2 
1.4361015056801065E-7,648,1125315 -1 1125315 -1 1125315 -1 1174888 -1 1125315 1174888 -1  -2 ,'Acetaminophen' -1 'Acetaminophen' -1 'Acetaminophen' -1 'Hydrocodone' -1 'Acetaminophen' 'Hydrocodone' -1 -2 
2.409014165455247E-7,585,1125315 -1 1713332 -1 1125315 -1 1125315 -1  -2 ,'Acetaminophen' -1 'Amoxicillin' -1 'Acetaminophen' -1 'Acetaminophen' -1 -2 
2.652672001883031E-7,542,19049105 -1 1125315 -1 1125315 -1 1174888 -1  -2 ,'Potassium Chloride' -1 'Acetaminophen' -1 'Acetaminophen' -1 'Hydrocodone' -1 -2 
2.1356979932450212E-7,631,1174888 -1 1125315 -1 1174888 -1 1174888 -1 1125315 -1  -2 ,'Hydrocodone' -1 'Acetaminophen' -1 'Hydrocodone' -1 'Hydrocodone' -1 'Acetaminophen' -1 -2 
1.5655736279624732E-7,663,1125315 -1 1125315 1174888 -1 1125315 -1 1125315 -1 1125315 -1  -2 ,'Acetaminophen' -1 'Acetaminophen' 'Hydrocodone' -1 'Acetaminophen' -1 'Acetaminophen' -1 'Acetaminophen' -1 -2 
1.632666558434689E-7,629,1174888 -1 1174888 -1 1125315 -1 1174888 -1 1174888 -1  -2 ,'Hydrocodone' -1 'Hydrocodone' -1 'Acetaminophen' -1 'Hydrocodone' -1 'Hydrocodone' -1 -2 
1.9958305987852507E-7,665,1125315 -1 1125315 -1 1125315 -1 1125315 1174888 -1 1125315 -1  -2 ,'Acetaminophen' -1 'Acetaminophen' -1 'Acetaminophen' -1 'Acetaminophen' 'Hydrocodone' -1 'Acetaminophen' -1 -2 
1.4363389102510468E-7,628,1174888 -1 1174888 -1 1174888 -1 1174888 -1 1125315 -1  -2 ,'Hydrocodone' -1 'Hydrocodone' -1 'Hydrocodone' -1 'Hydrocodone' -1 'Acetaminophen' -1 -2 
1.3927316498130593E-7,650,1125315 -1 1125315 -1 1174888 -1 1125315 -1 1125315 1174888 -1  -2 ,'Acetaminophen' -1 'Acetaminophen' -1 'Hydrocodone' -1 'Acetaminophen' -1 'Acetaminophen' 'Hydrocodone' -1 -2 
1.3038816147468652E-7,643,1125315 -1 1174888 -1 1125315 1174888 -1 1125315 -1 1174888 -1  -2 ,'Acetaminophen' -1 'Hydrocodone' -1 'Acetaminophen' 'Hydrocodone' -1 'Acetaminophen' -1 'Hydrocodone' -1 -2 
1.516731825790283E-7,625,1174888 -1 1125315 -1 1174888 -1 1174888 -1 1174888 -1  -2 ,'Hydrocodone' -1 'Acetaminophen' -1 'Hydrocodone' -1 'Hydrocodone' -1 'Hydrocodone' -1 -2 
1.8005336179364445E-7,630,1174888 -1 1174888 -1 1125315 -1 1125315 -1 1174888 -1  -2 ,'Hydrocodone' -1 'Hydrocodone' -1 'Acetaminophen' -1 'Acetaminophen' -1 'Hydrocodone' -1 -2 
1.2188643269559837E-7,637,1125315 -1 1174888 -1 1125315 -1 1174888 -1 1125315 1174888 -1  -2 ,'Acetaminophen' -1 'Hydrocodone' -1 'Acetaminophen' -1 'Hydrocodone' -1 'Acetaminophen' 'Hydrocodone' -1 -2 
1.336541756280589E-7,638,1125315 -1 1174888 -1 1174888 -1 1125315 1174888 -1 1125315 -1  -2 ,'Acetaminophen' -1 'Hydrocodone' -1 'Hydrocodone' -1 'Acetaminophen' 'Hydrocodone' -1 'Acetaminophen' -1 -2 
1.3026912310400337E-7,639,1125315 -1 1125315 -1 1174888 -1 1174888 -1 1125315 1174888 -1  -2 ,'Acetaminophen' -1 'Acetaminophen' -1 'Hydrocodone' -1 'Hydrocodone' -1 'Acetaminophen' 'Hydrocodone' -1 -2 
1.496057163673032E-7,646,1125315 -1 1125315 -1 1125315 -1 1125315 1174888 -1 1174888 -1  -2 ,'Acetaminophen' -1 'Acetaminophen' -1 'Acetaminophen' -1 'Acetaminophen' 'Hydrocodone' -1 'Hydrocodone' -1 -2 
1.3156264825437068E-7,644,1174888 -1 1125315 -1 1125315 -1 1174888 -1 1125315 1174888 -1  -2 ,'Hydrocodone' -1 'Acetaminophen' -1 'Acetaminophen' -1 'Hydrocodone' -1 'Acetaminophen' 'Hydrocodone' -1 -2 
1.7233884505407986E-7,634,1174888 -1 1174888 -1 1125315 -1 1174888 -1 1125315 -1  -2 ,'Hydrocodone' -1 'Hydrocodone' -1 'Acetaminophen' -1 'Hydrocodone' -1 'Acetaminophen' -1 -2 
1.8175013296894177E-7,664,1125315 -1 1125315 -1 1125315 1174888 -1 1125315 -1 1125315 -1  -2 ,'Acetaminophen' -1 'Acetaminophen' -1 'Acetaminophen' 'Hydrocodone' -1 'Acetaminophen' -1 'Acetaminophen' -1 -2 
1.5655736279624732E-7,653,1174888 -1 1125315 1174888 -1 1125315 -1 1125315 -1 1125315 -1  -2 ,'Hydrocodone' -1 'Acetaminophen' 'Hydrocodone' -1 'Acetaminophen' -1 'Acetaminophen' -1 'Acetaminophen' -1 -2 
1.5446350181627016E-7,649,1174888 -1 1125315 -1 1125315 -1 1125315 -1 1125315 1174888 -1  -2 ,'Hydrocodone' -1 'Acetaminophen' -1 'Acetaminophen' -1 'Acetaminophen' -1 'Acetaminophen' 'Hydrocodone' -1 -2 
1.4907294632906448E-7,657,1125315 -1 1125315 1174888 -1 1125315 -1 1174888 -1 1125315 -1  -2 ,'Acetaminophen' -1 'Acetaminophen' 'Hydrocodone' -1 'Acetaminophen' -1 'Hydrocodone' -1 'Acetaminophen' -1 -2 
1.4545044650624385E-7,651,1125315 -1 1125315 -1 1125315 1174888 -1 1125315 -1 1174888 -1  -2 ,'Acetaminophen' -1 'Acetaminophen' -1 'Acetaminophen' 'Hydrocodone' -1 'Acetaminophen' -1 'Hydrocodone' -1 -2 
1.7418822442086893E-7,655,1125315 -1 1174888 -1 1125315 1174888 -1 1125315 -1 1125315 -1  -2 ,'Acetaminophen' -1 'Hydrocodone' -1 'Acetaminophen' 'Hydrocodone' -1 'Acetaminophen' -1 'Acetaminophen' -1 -2 
1.7331633075690287E-7,661,1174888 -1 1125315 -1 1125315 1174888 -1 1125315 -1 1125315 -1  -2 ,'Hydrocodone' -1 'Acetaminophen' -1 'Acetaminophen' 'Hydrocodone' -1 'Acetaminophen' -1 'Acetaminophen' -1 -2 
1.5306990794974402E-7,656,1125315 -1 1174888 -1 1125315 -1 1125315 1174888 -1 1125315 -1  -2 ,'Acetaminophen' -1 'Hydrocodone' -1 'Acetaminophen' -1 'Acetaminophen' 'Hydrocodone' -1 'Acetaminophen' -1 -2 
1.4464582271391952E-7,652,1125315 -1 1125315 1174888 -1 1174888 -1 1125315 -1 1125315 -1  -2 ,'Acetaminophen' -1 'Acetaminophen' 'Hydrocodone' -1 'Hydrocodone' -1 'Acetaminophen' -1 'Acetaminophen' -1 -2 
1.3870224799840477E-7,640,1125315 -1 1174888 -1 1125315 1174888 -1 1174888 -1 1125315 -1  -2 ,'Acetaminophen' -1 'Hydrocodone' -1 'Acetaminophen' 'Hydrocodone' -1 'Hydrocodone' -1 'Acetaminophen' -1 -2 
1.200209968062773E-7,642,1125315 -1 1174888 -1 1174888 -1 1125315 -1 1125315 1174888 -1  -2 ,'Acetaminophen' -1 'Hydrocodone' -1 'Hydrocodone' -1 'Acetaminophen' -1 'Acetaminophen' 'Hydrocodone' -1 -2 
1.5751757114650893E-7,654,1125315 -1 1174888 -1 1125315 -1 1125315 -1 1125315 1174888 -1  -2 ,'Acetaminophen' -1 'Hydrocodone' -1 'Acetaminophen' -1 'Acetaminophen' -1 'Acetaminophen' 'Hydrocodone' -1 -2 
1.8582793603190685E-7,658,1125315 -1 1125315 -1 1174888 -1 1125315 1174888 -1 1125315 -1  -2 ,'Acetaminophen' -1 'Acetaminophen' -1 'Hydrocodone' -1 'Acetaminophen' 'Hydrocodone' -1 'Acetaminophen' -1 -2 
1.538156923074709E-7,660,1125315 1174888 -1 1125315 -1 1125315 -1 1125315 -1 1174888 -1  -2 ,'Acetaminophen' 'Hydrocodone' -1 'Acetaminophen' -1 'Acetaminophen' -1 'Acetaminophen' -1 'Hydrocodone' -1 -2 
1.7427281321700367E-7,662,1174888 -1 1125315 -1 1125315 -1 1125315 1174888 -1 1125315 -1  -2 ,'Hydrocodone' -1 'Acetaminophen' -1 'Acetaminophen' -1 'Acetaminophen' 'Hydrocodone' -1 'Acetaminophen' -1 -2 
1.807594432737816E-7,659,1125315 -1 1125315 -1 1125315 1174888 -1 1174888 -1 1125315 -1  -2 ,'Acetaminophen' -1 'Acetaminophen' -1 'Acetaminophen' 'Hydrocodone' -1 'Hydrocodone' -1 'Acetaminophen' -1 -2 
1.5513827034529242E-7,641,1125315 -1 1125315 -1 1174888 -1 1125315 1174888 -1 1174888 -1  -2 ,'Acetaminophen' -1 'Acetaminophen' -1 'Hydrocodone' -1 'Acetaminophen' 'Hydrocodone' -1 'Hydrocodone' -1 -2 
1.5605350284795478E-7,647,1125315 -1 1125315 1174888 -1 1125315 -1 1125315 -1 1174888 -1  -2 ,'Acetaminophen' -1 'Acetaminophen' 'Hydrocodone' -1 'Acetaminophen' -1 'Acetaminophen' -1 'Hydrocodone' -1 -2 
1.435145363506587E-7,645,1125315 -1 1174888 -1 1125315 -1 1125315 1174888 -1 1174888 -1  -2 ,'Acetaminophen' -1 'Hydrocodone' -1 'Acetaminophen' -1 'Acetaminophen' 'Hydrocodone' -1 'Hydrocodone' -1 -2 
